creative_id,bucket,exact_lander,landing_url,ad_id,recipe,score,days,capture,ready,congruence,title,first_line,cta,share_url,ad_image,image_width,image_height,page_hook,report_anchor,ad_body
"C001","GLP","10-reasons-glp","https://mengotomars.com/pages/10-reasons-glp","94903611","8","91","12","failed","ad_only_or_capture_gap","capture_gap","What GLP-1 Does to Your T Levels","The weight's coming off. But so is your testosterone. GLP-1 meds are incredible for dropping pounds.","Shop now","https://app.gethookd.ai/share/ad/94903611?signature=019544b1009eb33802b00095993995fd168a33b6bd4cf2a1692c4fdcd779c7f1","mars-men-static-canonical-recipes-share/assets/remote/098bb8ed87aa-media-00e7d202abe0.jpg","1080","1920","10 Reasons Why This Natural Testosterone Support Supplement Crushes TRT – Mars Men","mars-men-static-canonical-recipes-share/index.html#ad-94903611","The weight's coming off. But so is your testosterone. GLP-1 meds are incredible for dropping pounds.

Nobody's arguing that. But here's what your prescribing doctor probably didn't mention.

Rapid weight loss triggers a massive cortisol spike.

Cortisol tanks testosterone production at the source. Your body starts burning muscle for fuel instead of protecting it. Your energy craters. Your drive disappears. Your strength fades.

You're thinner — but weaker, foggier, and running on fumes. That's not a win.

Mars Men was built to protect what GLP-1s are quietly destroying.

Tongkat Ali blocks the cortisol spike that crashes your T during rapid weight loss.

Boron lowers SHBG so the testosterone you still have isn't locked up and useless. 8 clinically-dosed ingredients attacking the problem from every angle.

This isn't theory. 91% of men in a 1,000-person survey reported higher energy within 90 days. 87% reported increased strength. Results backed by bloodwork, not promises.

Right now it's 50% off with a full 90-day money-back guarantee.

Read the 10 reasons men on GLP-1s are adding this to their daily stack."
"C001","GLP","10-reasons-glp","https://mengotomars.com/pages/10-reasons-glp","94284666","25","91","12","failed","ad_only_or_capture_gap","capture_gap","What GLP-1 Does to Your T Levels","The weight's coming off. But so is your testosterone. GLP-1 meds are incredible for dropping pounds.","Shop now","https://app.gethookd.ai/share/ad/94284666?signature=45f3dde9986db14b6b11ffd0ce78a1345a2c4a3bfa0af6925e50687ac00b8454","mars-men-static-canonical-recipes-share/assets/remote/bd4fdfae094e-media-7f504f883d31.jpg","1080","1920","10 Reasons Why This Natural Testosterone Support Supplement Crushes TRT – Mars Men","mars-men-static-canonical-recipes-share/index.html#ad-94284666","The weight's coming off. But so is your testosterone. GLP-1 meds are incredible for dropping pounds.

Nobody's arguing that. But here's what your prescribing doctor probably didn't mention.

Rapid weight loss triggers a massive cortisol spike.

Cortisol tanks testosterone production at the source. Your body starts burning muscle for fuel instead of protecting it. Your energy craters. Your drive disappears. Your strength fades.

You're thinner — but weaker, foggier, and running on fumes. That's not a win.

Mars Men was built to protect what GLP-1s are quietly destroying.

Tongkat Ali blocks the cortisol spike that crashes your T during rapid weight loss.

Boron lowers SHBG so the testosterone you still have isn't locked up and useless. 8 clinically-dosed ingredients attacking the problem from every angle.

This isn't theory. 91% of men in a 1,000-person survey reported higher energy within 90 days. 87% reported increased strength. Results backed by bloodwork, not promises.

Right now it's 50% off with a full 90-day money-back guarantee.

Read the 10 reasons men on GLP-1s are adding this to their daily stack."
"C001","GLP","10-reasons-glp","https://mengotomars.com/pages/10-reasons-glp","94284377","37","91","12","failed","ad_only_or_capture_gap","capture_gap","What GLP-1 Does to Your T Levels","The weight's coming off. But so is your testosterone. GLP-1 meds are incredible for dropping pounds.","Shop now","https://app.gethookd.ai/share/ad/94284377?signature=e60d92c8195789c15ca93442b257ceeeb521a83e037e26f7efa9186a6c4c5350","mars-men-static-canonical-recipes-share/assets/remote/e04f40d9dbf9-media-fe17bc5bb156.jpg","1080","1920","10 Reasons Why This Natural Testosterone Support Supplement Crushes TRT – Mars Men","mars-men-static-canonical-recipes-share/index.html#ad-94284377","The weight's coming off. But so is your testosterone. GLP-1 meds are incredible for dropping pounds.

Nobody's arguing that. But here's what your prescribing doctor probably didn't mention.

Rapid weight loss triggers a massive cortisol spike.

Cortisol tanks testosterone production at the source. Your body starts burning muscle for fuel instead of protecting it. Your energy craters. Your drive disappears. Your strength fades.

You're thinner — but weaker, foggier, and running on fumes. That's not a win.

Mars Men was built to protect what GLP-1s are quietly destroying.

Tongkat Ali blocks the cortisol spike that crashes your T during rapid weight loss.

Boron lowers SHBG so the testosterone you still have isn't locked up and useless. 8 clinically-dosed ingredients attacking the problem from every angle.

This isn't theory. 91% of men in a 1,000-person survey reported higher energy within 90 days. 87% reported increased strength. Results backed by bloodwork, not promises.

Right now it's 50% off with a full 90-day money-back guarantee.

Read the 10 reasons men on GLP-1s are adding this to their daily stack."
"C001","GLP","10-reasons-glp","https://mengotomars.com/pages/10-reasons-glp","94284350","40","91","12","failed","ad_only_or_capture_gap","capture_gap","What GLP-1 Does to Your T Levels","The weight's coming off. But so is your testosterone. GLP-1 meds are incredible for dropping pounds.","Shop now","https://app.gethookd.ai/share/ad/94284350?signature=411ea13dd584209f4e5e536f535b1b1a7940c98870aedc12a043d8effb14183d","mars-men-static-canonical-recipes-share/assets/remote/e62befd8e890-media-698e28d98210.jpg","1080","1920","10 Reasons Why This Natural Testosterone Support Supplement Crushes TRT – Mars Men","mars-men-static-canonical-recipes-share/index.html#ad-94284350","The weight's coming off. But so is your testosterone. GLP-1 meds are incredible for dropping pounds.

Nobody's arguing that. But here's what your prescribing doctor probably didn't mention.

Rapid weight loss triggers a massive cortisol spike.

Cortisol tanks testosterone production at the source. Your body starts burning muscle for fuel instead of protecting it. Your energy craters. Your drive disappears. Your strength fades.

You're thinner — but weaker, foggier, and running on fumes. That's not a win.

Mars Men was built to protect what GLP-1s are quietly destroying.

Tongkat Ali blocks the cortisol spike that crashes your T during rapid weight loss.

Boron lowers SHBG so the testosterone you still have isn't locked up and useless. 8 clinically-dosed ingredients attacking the problem from every angle.

This isn't theory. 91% of men in a 1,000-person survey reported higher energy within 90 days. 87% reported increased strength. Results backed by bloodwork, not promises.

Right now it's 50% off with a full 90-day money-back guarantee.

Read the 10 reasons men on GLP-1s are adding this to their daily stack."
"C001","GLP","10-reasons-glp","https://mengotomars.com/pages/10-reasons-glp","94284582","59","91","11","failed","ad_only_or_capture_gap","capture_gap","What GLP-1 Does to Your T Levels","The weight's coming off. But so is your testosterone. GLP-1 meds are incredible for dropping pounds.","Shop now","https://app.gethookd.ai/share/ad/94284582?signature=4a5fb4fe90373c09cc133ab0dbc536d3473c178bffb5fd86461232f5d847e435","mars-men-static-canonical-recipes-share/assets/remote/bfa09b48fa2e-media-fbc6bdb2c2b6.jpg","1080","1920","10 Reasons Why This Natural Testosterone Support Supplement Crushes TRT – Mars Men","mars-men-static-canonical-recipes-share/index.html#ad-94284582","The weight's coming off. But so is your testosterone. GLP-1 meds are incredible for dropping pounds.

Nobody's arguing that. But here's what your prescribing doctor probably didn't mention.

Rapid weight loss triggers a massive cortisol spike.

Cortisol tanks testosterone production at the source. Your body starts burning muscle for fuel instead of protecting it. Your energy craters. Your drive disappears. Your strength fades.

You're thinner — but weaker, foggier, and running on fumes. That's not a win.

Mars Men was built to protect what GLP-1s are quietly destroying.

Tongkat Ali blocks the cortisol spike that crashes your T during rapid weight loss.

Boron lowers SHBG so the testosterone you still have isn't locked up and useless. 8 clinically-dosed ingredients attacking the problem from every angle.

This isn't theory. 91% of men in a 1,000-person survey reported higher energy within 90 days. 87% reported increased strength. Results backed by bloodwork, not promises.

Right now it's 50% off with a full 90-day money-back guarantee.

Read the 10 reasons men on GLP-1s are adding this to their daily stack."
"C001","GLP","10-reasons-glp","https://mengotomars.com/pages/10-reasons-glp","94284507","62","91","11","failed","ad_only_or_capture_gap","capture_gap","What GLP-1 Does to Your T Levels","The weight's coming off. But so is your testosterone. GLP-1 meds are incredible for dropping pounds.","Shop now","https://app.gethookd.ai/share/ad/94284507?signature=8cf7834bd425019093f75441959c7e1dcd0d59fb28f1bc76da8f7dc104bf1ba3","mars-men-static-canonical-recipes-share/assets/remote/bfa09b48fa2e-media-fbc6bdb2c2b6.jpg","1080","1920","10 Reasons Why This Natural Testosterone Support Supplement Crushes TRT – Mars Men","mars-men-static-canonical-recipes-share/index.html#ad-94284507","The weight's coming off. But so is your testosterone. GLP-1 meds are incredible for dropping pounds.

Nobody's arguing that. But here's what your prescribing doctor probably didn't mention.

Rapid weight loss triggers a massive cortisol spike.

Cortisol tanks testosterone production at the source. Your body starts burning muscle for fuel instead of protecting it. Your energy craters. Your drive disappears. Your strength fades.

You're thinner — but weaker, foggier, and running on fumes. That's not a win.

Mars Men was built to protect what GLP-1s are quietly destroying.

Tongkat Ali blocks the cortisol spike that crashes your T during rapid weight loss.

Boron lowers SHBG so the testosterone you still have isn't locked up and useless. 8 clinically-dosed ingredients attacking the problem from every angle.

This isn't theory. 91% of men in a 1,000-person survey reported higher energy within 90 days. 87% reported increased strength. Results backed by bloodwork, not promises.

Right now it's 50% off with a full 90-day money-back guarantee.

Read the 10 reasons men on GLP-1s are adding this to their daily stack."
"C001","GLP","10-reasons-glp","https://mengotomars.com/pages/10-reasons-glp","94284291","77","91","11","failed","ad_only_or_capture_gap","capture_gap","What GLP-1 Does to Your T Levels","The weight's coming off. But so is your testosterone. GLP-1 meds are incredible for dropping pounds.","Shop now","https://app.gethookd.ai/share/ad/94284291?signature=45f5483a041a8b62fdbc61caca4c020dc35dcc0f3ce70b16e51361635160f714","mars-men-static-canonical-recipes-share/assets/remote/bfa09b48fa2e-media-fbc6bdb2c2b6.jpg","1080","1920","10 Reasons Why This Natural Testosterone Support Supplement Crushes TRT – Mars Men","mars-men-static-canonical-recipes-share/index.html#ad-94284291","The weight's coming off. But so is your testosterone. GLP-1 meds are incredible for dropping pounds.

Nobody's arguing that. But here's what your prescribing doctor probably didn't mention.

Rapid weight loss triggers a massive cortisol spike.

Cortisol tanks testosterone production at the source. Your body starts burning muscle for fuel instead of protecting it. Your energy craters. Your drive disappears. Your strength fades.

You're thinner — but weaker, foggier, and running on fumes. That's not a win.

Mars Men was built to protect what GLP-1s are quietly destroying.

Tongkat Ali blocks the cortisol spike that crashes your T during rapid weight loss.

Boron lowers SHBG so the testosterone you still have isn't locked up and useless. 8 clinically-dosed ingredients attacking the problem from every angle.

This isn't theory. 91% of men in a 1,000-person survey reported higher energy within 90 days. 87% reported increased strength. Results backed by bloodwork, not promises.

Right now it's 50% off with a full 90-day money-back guarantee.

Read the 10 reasons men on GLP-1s are adding this to their daily stack."
"C001","GLP","10-reasons-glp","https://mengotomars.com/pages/10-reasons-glp","95129975","106","91","7","failed","ad_only_or_capture_gap","capture_gap","What GLP-1 Does to Your T Levels","The weight's coming off. But so is your testosterone. GLP-1 meds are incredible for dropping pounds.","Shop now","https://app.gethookd.ai/share/ad/95129975?signature=c7173a4b171bbdbb4f133618bbfbf2d2b6274ab9ef75701779c0304af9d1103a","mars-men-static-canonical-recipes-share/assets/remote/28c66575491e-media-162fd2358d2f.jpg","1080","1920","10 Reasons Why This Natural Testosterone Support Supplement Crushes TRT – Mars Men","mars-men-static-canonical-recipes-share/index.html#ad-95129975","The weight's coming off. But so is your testosterone. GLP-1 meds are incredible for dropping pounds.

Nobody's arguing that. But here's what your prescribing doctor probably didn't mention.

Rapid weight loss triggers a massive cortisol spike.

Cortisol tanks testosterone production at the source. Your body starts burning muscle for fuel instead of protecting it. Your energy craters. Your drive disappears. Your strength fades.

You're thinner — but weaker, foggier, and running on fumes. That's not a win.

Mars Men was built to protect what GLP-1s are quietly destroying.

Tongkat Ali blocks the cortisol spike that crashes your T during rapid weight loss.

Boron lowers SHBG so the testosterone you still have isn't locked up and useless. 8 clinically-dosed ingredients attacking the problem from every angle.

This isn't theory. 91% of men in a 1,000-person survey reported higher energy within 90 days. 87% reported increased strength. Results backed by bloodwork, not promises.

Right now it's 50% off with a full 90-day money-back guarantee.

Read the 10 reasons men on GLP-1s are adding this to their daily stack."
"C001","GLP","10-reasons-glp","https://mengotomars.com/pages/10-reasons-glp","95129974","117","81","7","failed","ad_only_or_capture_gap","capture_gap","What GLP-1 Does to Your T Levels","The weight's coming off. But so is your testosterone. GLP-1 meds are incredible for dropping pounds.","Shop now","https://app.gethookd.ai/share/ad/95129974?signature=8fa9f1fffd9d90808b937255a34f989035b4928b4cc70d5a529c6719532fff6a","mars-men-static-canonical-recipes-share/assets/remote/a4b1e1b70dee-media-be7460ff49c1.jpg","1080","1920","10 Reasons Why This Natural Testosterone Support Supplement Crushes TRT – Mars Men","mars-men-static-canonical-recipes-share/index.html#ad-95129974","The weight's coming off. But so is your testosterone. GLP-1 meds are incredible for dropping pounds.

Nobody's arguing that. But here's what your prescribing doctor probably didn't mention.

Rapid weight loss triggers a massive cortisol spike.

Cortisol tanks testosterone production at the source. Your body starts burning muscle for fuel instead of protecting it. Your energy craters. Your drive disappears. Your strength fades.

You're thinner — but weaker, foggier, and running on fumes. That's not a win.

Mars Men was built to protect what GLP-1s are quietly destroying.

Tongkat Ali blocks the cortisol spike that crashes your T during rapid weight loss.

Boron lowers SHBG so the testosterone you still have isn't locked up and useless. 8 clinically-dosed ingredients attacking the problem from every angle.

This isn't theory. 91% of men in a 1,000-person survey reported higher energy within 90 days. 87% reported increased strength. Results backed by bloodwork, not promises.

Right now it's 50% off with a full 90-day money-back guarantee.

Read the 10 reasons men on GLP-1s are adding this to their daily stack."
"C002","GLP","10-reasons-glp","https://mengotomars.com/pages/10-reasons-glp","94903470","15","91","12","failed","ad_only_or_capture_gap","capture_gap","What GLP-1 Does to Your T Levels","The weight's coming off. But so is your testosterone. GLP-1 meds are incredible for dropping pounds.","Shop now","https://app.gethookd.ai/share/ad/94903470?signature=b22c6e387e5a809311d4189a3c9cb8e028fdc9aefeaa39b43b40cf2f705e350b","mars-men-static-canonical-recipes-share/assets/remote/76b0be9a7bca-media-c88282798474.jpg","1080","1350","10 Reasons Why This Natural Testosterone Support Supplement Crushes TRT – Mars Men","mars-men-static-canonical-recipes-share/index.html#ad-94903470","The weight's coming off. But so is your testosterone. GLP-1 meds are incredible for dropping pounds.

Nobody's arguing that. But here's what your prescribing doctor probably didn't mention.

Rapid weight loss triggers a massive cortisol spike.

Cortisol tanks testosterone production at the source. Your body starts burning muscle for fuel instead of protecting it. Your energy craters. Your drive disappears. Your strength fades.

You're thinner — but weaker, foggier, and running on fumes. That's not a win.

Mars Men was built to protect what GLP-1s are quietly destroying.

Tongkat Ali blocks the cortisol spike that crashes your T during rapid weight loss.

Boron lowers SHBG so the testosterone you still have isn't locked up and useless. 8 clinically-dosed ingredients attacking the problem from every angle.

This isn't theory. 91% of men in a 1,000-person survey reported higher energy within 90 days. 87% reported increased strength. Results backed by bloodwork, not promises.

Right now it's 50% off with a full 90-day money-back guarantee.

Read the 10 reasons men on GLP-1s are adding this to their daily stack."
"C002","GLP","10-reasons-glp","https://mengotomars.com/pages/10-reasons-glp","94284844","20","91","12","failed","ad_only_or_capture_gap","capture_gap","What GLP-1 Does to Your T Levels","The weight's coming off. But so is your testosterone. GLP-1 meds are incredible for dropping pounds.","Shop now","https://app.gethookd.ai/share/ad/94284844?signature=24c54e6cb67c54355d3b5b10e9a1da82bdb1593cf4ee389317fdea4c4c6a6031","mars-men-static-canonical-recipes-share/assets/remote/685049edc10f-media-5d7a2e2b9936.jpg","1080","1350","10 Reasons Why This Natural Testosterone Support Supplement Crushes TRT – Mars Men","mars-men-static-canonical-recipes-share/index.html#ad-94284844","The weight's coming off. But so is your testosterone. GLP-1 meds are incredible for dropping pounds.

Nobody's arguing that. But here's what your prescribing doctor probably didn't mention.

Rapid weight loss triggers a massive cortisol spike.

Cortisol tanks testosterone production at the source. Your body starts burning muscle for fuel instead of protecting it. Your energy craters. Your drive disappears. Your strength fades.

You're thinner — but weaker, foggier, and running on fumes. That's not a win.

Mars Men was built to protect what GLP-1s are quietly destroying.

Tongkat Ali blocks the cortisol spike that crashes your T during rapid weight loss.

Boron lowers SHBG so the testosterone you still have isn't locked up and useless. 8 clinically-dosed ingredients attacking the problem from every angle.

This isn't theory. 91% of men in a 1,000-person survey reported higher energy within 90 days. 87% reported increased strength. Results backed by bloodwork, not promises.

Right now it's 50% off with a full 90-day money-back guarantee.

Read the 10 reasons men on GLP-1s are adding this to their daily stack."
"C002","GLP","10-reasons-glp","https://mengotomars.com/pages/10-reasons-glp","94284842","21","91","12","failed","ad_only_or_capture_gap","capture_gap","What GLP-1 Does to Your T Levels","The weight's coming off. But so is your testosterone. GLP-1 meds are incredible for dropping pounds.","Shop now","https://app.gethookd.ai/share/ad/94284842?signature=45f356fc0d13b4f995142078f4034193e08dfc6ad9eeaf6d0ab591fac4612bf8","mars-men-static-canonical-recipes-share/assets/remote/d3c6bf9fb010-media-76594b799785.jpg","1080","1350","10 Reasons Why This Natural Testosterone Support Supplement Crushes TRT – Mars Men","mars-men-static-canonical-recipes-share/index.html#ad-94284842","The weight's coming off. But so is your testosterone. GLP-1 meds are incredible for dropping pounds.

Nobody's arguing that. But here's what your prescribing doctor probably didn't mention.

Rapid weight loss triggers a massive cortisol spike.

Cortisol tanks testosterone production at the source. Your body starts burning muscle for fuel instead of protecting it. Your energy craters. Your drive disappears. Your strength fades.

You're thinner — but weaker, foggier, and running on fumes. That's not a win.

Mars Men was built to protect what GLP-1s are quietly destroying.

Tongkat Ali blocks the cortisol spike that crashes your T during rapid weight loss.

Boron lowers SHBG so the testosterone you still have isn't locked up and useless. 8 clinically-dosed ingredients attacking the problem from every angle.

This isn't theory. 91% of men in a 1,000-person survey reported higher energy within 90 days. 87% reported increased strength. Results backed by bloodwork, not promises.

Right now it's 50% off with a full 90-day money-back guarantee.

Read the 10 reasons men on GLP-1s are adding this to their daily stack."
"C002","GLP","10-reasons-glp","https://mengotomars.com/pages/10-reasons-glp","94903493","52","91","11","failed","ad_only_or_capture_gap","capture_gap","What GLP-1 Does to Your T Levels","The weight's coming off. But so is your testosterone. GLP-1 meds are incredible for dropping pounds.","Shop now","https://app.gethookd.ai/share/ad/94903493?signature=9dcc95aabf4d7c89cf04041889acdbeb2f3c159ea7063922a94e117d8b572916","mars-men-static-canonical-recipes-share/assets/remote/76b0be9a7bca-media-c88282798474.jpg","1080","1350","10 Reasons Why This Natural Testosterone Support Supplement Crushes TRT – Mars Men","mars-men-static-canonical-recipes-share/index.html#ad-94903493","The weight's coming off. But so is your testosterone. GLP-1 meds are incredible for dropping pounds.

Nobody's arguing that. But here's what your prescribing doctor probably didn't mention.

Rapid weight loss triggers a massive cortisol spike.

Cortisol tanks testosterone production at the source. Your body starts burning muscle for fuel instead of protecting it. Your energy craters. Your drive disappears. Your strength fades.

You're thinner — but weaker, foggier, and running on fumes. That's not a win.

Mars Men was built to protect what GLP-1s are quietly destroying.

Tongkat Ali blocks the cortisol spike that crashes your T during rapid weight loss.

Boron lowers SHBG so the testosterone you still have isn't locked up and useless. 8 clinically-dosed ingredients attacking the problem from every angle.

This isn't theory. 91% of men in a 1,000-person survey reported higher energy within 90 days. 87% reported increased strength. Results backed by bloodwork, not promises.

Right now it's 50% off with a full 90-day money-back guarantee.

Read the 10 reasons men on GLP-1s are adding this to their daily stack."
"C002","GLP","10-reasons-glp","https://mengotomars.com/pages/10-reasons-glp","94284384","67","91","11","failed","ad_only_or_capture_gap","capture_gap","What GLP-1 Does to Your T Levels","The weight's coming off. But so is your testosterone. GLP-1 meds are incredible for dropping pounds.","Shop now","https://app.gethookd.ai/share/ad/94284384?signature=5a4427e2de486495c218563ed1555a44c345d7d9f3899efc512ed9700d15f1aa","mars-men-static-canonical-recipes-share/assets/remote/d12d1462c052-media-ebb803a5a236.jpg","1080","1350","10 Reasons Why This Natural Testosterone Support Supplement Crushes TRT – Mars Men","mars-men-static-canonical-recipes-share/index.html#ad-94284384","The weight's coming off. But so is your testosterone. GLP-1 meds are incredible for dropping pounds.

Nobody's arguing that. But here's what your prescribing doctor probably didn't mention.

Rapid weight loss triggers a massive cortisol spike.

Cortisol tanks testosterone production at the source. Your body starts burning muscle for fuel instead of protecting it. Your energy craters. Your drive disappears. Your strength fades.

You're thinner — but weaker, foggier, and running on fumes. That's not a win.

Mars Men was built to protect what GLP-1s are quietly destroying.

Tongkat Ali blocks the cortisol spike that crashes your T during rapid weight loss.

Boron lowers SHBG so the testosterone you still have isn't locked up and useless. 8 clinically-dosed ingredients attacking the problem from every angle.

This isn't theory. 91% of men in a 1,000-person survey reported higher energy within 90 days. 87% reported increased strength. Results backed by bloodwork, not promises.

Right now it's 50% off with a full 90-day money-back guarantee.

Read the 10 reasons men on GLP-1s are adding this to their daily stack."
"C002","GLP","10-reasons-glp","https://mengotomars.com/pages/10-reasons-glp","94284378","68","91","11","failed","ad_only_or_capture_gap","capture_gap","What GLP-1 Does to Your T Levels","The weight's coming off. But so is your testosterone. GLP-1 meds are incredible for dropping pounds.","Shop now","https://app.gethookd.ai/share/ad/94284378?signature=0751381e604418494b109f0e47a44b3d363c044871d25d92829e9b0b2822bc27","mars-men-static-canonical-recipes-share/assets/remote/76b0be9a7bca-media-c88282798474.jpg","1080","1350","10 Reasons Why This Natural Testosterone Support Supplement Crushes TRT – Mars Men","mars-men-static-canonical-recipes-share/index.html#ad-94284378","The weight's coming off. But so is your testosterone. GLP-1 meds are incredible for dropping pounds.

Nobody's arguing that. But here's what your prescribing doctor probably didn't mention.

Rapid weight loss triggers a massive cortisol spike.

Cortisol tanks testosterone production at the source. Your body starts burning muscle for fuel instead of protecting it. Your energy craters. Your drive disappears. Your strength fades.

You're thinner — but weaker, foggier, and running on fumes. That's not a win.

Mars Men was built to protect what GLP-1s are quietly destroying.

Tongkat Ali blocks the cortisol spike that crashes your T during rapid weight loss.

Boron lowers SHBG so the testosterone you still have isn't locked up and useless. 8 clinically-dosed ingredients attacking the problem from every angle.

This isn't theory. 91% of men in a 1,000-person survey reported higher energy within 90 days. 87% reported increased strength. Results backed by bloodwork, not promises.

Right now it's 50% off with a full 90-day money-back guarantee.

Read the 10 reasons men on GLP-1s are adding this to their daily stack."
"C002","GLP","10-reasons-glp","https://mengotomars.com/pages/10-reasons-glp","94284374","70","91","11","failed","ad_only_or_capture_gap","capture_gap","What GLP-1 Does to Your T Levels","The weight's coming off. But so is your testosterone. GLP-1 meds are incredible for dropping pounds.","Shop now","https://app.gethookd.ai/share/ad/94284374?signature=b9e78a287af1702b628636a0e2a0175ea682251926bfbac98ed596fec7dfacb8","mars-men-static-canonical-recipes-share/assets/remote/0ab9430f0374-media-7752c9653653.jpg","1080","1350","10 Reasons Why This Natural Testosterone Support Supplement Crushes TRT – Mars Men","mars-men-static-canonical-recipes-share/index.html#ad-94284374","The weight's coming off. But so is your testosterone. GLP-1 meds are incredible for dropping pounds.

Nobody's arguing that. But here's what your prescribing doctor probably didn't mention.

Rapid weight loss triggers a massive cortisol spike.

Cortisol tanks testosterone production at the source. Your body starts burning muscle for fuel instead of protecting it. Your energy craters. Your drive disappears. Your strength fades.

You're thinner — but weaker, foggier, and running on fumes. That's not a win.

Mars Men was built to protect what GLP-1s are quietly destroying.

Tongkat Ali blocks the cortisol spike that crashes your T during rapid weight loss.

Boron lowers SHBG so the testosterone you still have isn't locked up and useless. 8 clinically-dosed ingredients attacking the problem from every angle.

This isn't theory. 91% of men in a 1,000-person survey reported higher energy within 90 days. 87% reported increased strength. Results backed by bloodwork, not promises.

Right now it's 50% off with a full 90-day money-back guarantee.

Read the 10 reasons men on GLP-1s are adding this to their daily stack."
"C003","GLP","10-reasons-glp","https://mengotomars.com/pages/10-reasons-glp","94903631","46","91","11","failed","ad_only_or_capture_gap","capture_gap","Keep Muscle + Metabolism on GLP-1s","GLP-1s suppress appetite so hard your body starts eating muscle for fuel not fat.","Shop now","https://app.gethookd.ai/share/ad/94903631?signature=56f10a4554293cf83911b3a14550a673aece176852abc3a9cb436a4fbacbab0c","mars-men-static-canonical-recipes-share/assets/remote/c1ba5e281eac-media-da2f81639f04.jpg","1080","1350","10 Reasons Why This Natural Testosterone Support Supplement Crushes TRT – Mars Men","mars-men-static-canonical-recipes-share/index.html#ad-94903631","GLP-1s suppress appetite so hard your body starts eating muscle for fuel not fat.

Mars Men keeps muscle strong, metabolism firing, and T levels protected as fat drops. Natural, third-party tested, and safe no needles, no shutdown. 💪

Get your edge back while burning fat.

👉 50% OFF for a limited time."
"C003","GLP","10-reasons-glp","https://mengotomars.com/pages/10-reasons-glp","95129831","85","91","8","failed","ad_only_or_capture_gap","capture_gap","Keep Muscle + Metabolism on GLP-1s","GLP-1s suppress appetite so hard your body starts eating muscle for fuel not fat.","Shop now","https://app.gethookd.ai/share/ad/95129831?signature=4c4ed1535dc5cd07b1b4bb5c90919539ac71547cb91d350c49db5e9a53d45569","mars-men-static-canonical-recipes-share/assets/remote/e269f9ce99c3-media-754fd2b74d53.jpg","1080","1350","10 Reasons Why This Natural Testosterone Support Supplement Crushes TRT – Mars Men","mars-men-static-canonical-recipes-share/index.html#ad-95129831","GLP-1s suppress appetite so hard your body starts eating muscle for fuel not fat.

Mars Men keeps muscle strong, metabolism firing, and T levels protected as fat drops. Natural, third-party tested, and safe no needles, no shutdown. 💪

Get your edge back while burning fat.

👉 50% OFF for a limited time."
"C003","GLP","10-reasons-glp","https://mengotomars.com/pages/10-reasons-glp","94903796","89","91","8","failed","ad_only_or_capture_gap","capture_gap","Keep Muscle + Metabolism on GLP-1s","GLP-1s suppress appetite so hard your body starts eating muscle for fuel not fat.","Shop now","https://app.gethookd.ai/share/ad/94903796?signature=2565a1ffdda05bb6827e255dec32804c8a2fbf86aa93c4427dcc55c57bb6d022","mars-men-static-canonical-recipes-share/assets/remote/2dd316ad7003-media-a83b25e2da38.jpg","1080","1350","10 Reasons Why This Natural Testosterone Support Supplement Crushes TRT – Mars Men","mars-men-static-canonical-recipes-share/index.html#ad-94903796","GLP-1s suppress appetite so hard your body starts eating muscle for fuel not fat.

Mars Men keeps muscle strong, metabolism firing, and T levels protected as fat drops. Natural, third-party tested, and safe no needles, no shutdown. 💪

Get your edge back while burning fat.

👉 50% OFF for a limited time."
"C003","GLP","10-reasons-glp","https://mengotomars.com/pages/10-reasons-glp","94903342","100","91","8","failed","ad_only_or_capture_gap","capture_gap","Keep Muscle + Metabolism on GLP-1s","GLP-1s suppress appetite so hard your body starts eating muscle for fuel not fat.","Shop now","https://app.gethookd.ai/share/ad/94903342?signature=a2fea2875abc3466baa650ea713cb545a3791300a5c145b5ca7bb230d11e0525","mars-men-static-canonical-recipes-share/assets/remote/a9a102e40a3d-media-ab46293cde5e.jpg","1080","1350","10 Reasons Why This Natural Testosterone Support Supplement Crushes TRT – Mars Men","mars-men-static-canonical-recipes-share/index.html#ad-94903342","GLP-1s suppress appetite so hard your body starts eating muscle for fuel not fat.

Mars Men keeps muscle strong, metabolism firing, and T levels protected as fat drops. Natural, third-party tested, and safe no needles, no shutdown. 💪

Get your edge back while burning fat.

👉 50% OFF for a limited time."
"C004","GLP","10-reasons-glp","https://mengotomars.com/pages/10-reasons-glp","94903638","45","91","11","failed","ad_only_or_capture_gap","capture_gap","What GLP-1 Does to Your T Levels","The weight's coming off. But so is your testosterone. GLP-1 meds are incredible for dropping pounds.","Shop now","https://app.gethookd.ai/share/ad/94903638?signature=d3ca78e7e44dfb4b046ef1807c07e916badf38c7ae18641143d3e58f1205790c","mars-men-static-canonical-recipes-share/assets/remote/1b56c8948bc9-media-240d57da4a2b.jpg","1080","1350","10 Reasons Why This Natural Testosterone Support Supplement Crushes TRT – Mars Men","mars-men-static-canonical-recipes-share/index.html#ad-94903638","The weight's coming off. But so is your testosterone. GLP-1 meds are incredible for dropping pounds.

Nobody's arguing that. But here's what your prescribing doctor probably didn't mention.

Rapid weight loss triggers a massive cortisol spike.

Cortisol tanks testosterone production at the source. Your body starts burning muscle for fuel instead of protecting it. Your energy craters. Your drive disappears. Your strength fades.

You're thinner — but weaker, foggier, and running on fumes. That's not a win.

Mars Men was built to protect what GLP-1s are quietly destroying.

Tongkat Ali blocks the cortisol spike that crashes your T during rapid weight loss.

Boron lowers SHBG so the testosterone you still have isn't locked up and useless. 8 clinically-dosed ingredients attacking the problem from every angle.

This isn't theory. 91% of men in a 1,000-person survey reported higher energy within 90 days. 87% reported increased strength. Results backed by bloodwork, not promises.

Right now it's 50% off with a full 90-day money-back guarantee.

Read the 10 reasons men on GLP-1s are adding this to their daily stack."
"C004","GLP","10-reasons-glp","https://mengotomars.com/pages/10-reasons-glp","94903546","49","91","11","failed","ad_only_or_capture_gap","capture_gap","What GLP-1 Does to Your T Levels","The weight's coming off. But so is your testosterone. GLP-1 meds are incredible for dropping pounds.","Shop now","https://app.gethookd.ai/share/ad/94903546?signature=f707b33a121abdf52315c97108c504d2f758b3ed72ceb9a4fd6d9d4baf4e2b35","mars-men-static-canonical-recipes-share/assets/remote/2b0a87d650a9-media-4717cd120d34.jpg","1080","1350","10 Reasons Why This Natural Testosterone Support Supplement Crushes TRT – Mars Men","mars-men-static-canonical-recipes-share/index.html#ad-94903546","The weight's coming off. But so is your testosterone. GLP-1 meds are incredible for dropping pounds.

Nobody's arguing that. But here's what your prescribing doctor probably didn't mention.

Rapid weight loss triggers a massive cortisol spike.

Cortisol tanks testosterone production at the source. Your body starts burning muscle for fuel instead of protecting it. Your energy craters. Your drive disappears. Your strength fades.

You're thinner — but weaker, foggier, and running on fumes. That's not a win.

Mars Men was built to protect what GLP-1s are quietly destroying.

Tongkat Ali blocks the cortisol spike that crashes your T during rapid weight loss.

Boron lowers SHBG so the testosterone you still have isn't locked up and useless. 8 clinically-dosed ingredients attacking the problem from every angle.

This isn't theory. 91% of men in a 1,000-person survey reported higher energy within 90 days. 87% reported increased strength. Results backed by bloodwork, not promises.

Right now it's 50% off with a full 90-day money-back guarantee.

Read the 10 reasons men on GLP-1s are adding this to their daily stack."
"C004","GLP","10-reasons-glp","https://mengotomars.com/pages/10-reasons-glp","94903532","78","91","9","failed","ad_only_or_capture_gap","capture_gap","What GLP-1 Does to Your T Levels","The weight's coming off. But so is your testosterone. GLP-1 meds are incredible for dropping pounds.","Shop now","https://app.gethookd.ai/share/ad/94903532?signature=de52f7b8f168344e6d49e2e98e7389ba2cd2683fbf7333a377c35f7f22c888c8","mars-men-static-canonical-recipes-share/assets/remote/362d8bed7268-media-9f9b27bd09ef.jpg","1080","1350","10 Reasons Why This Natural Testosterone Support Supplement Crushes TRT – Mars Men","mars-men-static-canonical-recipes-share/index.html#ad-94903532","The weight's coming off. But so is your testosterone. GLP-1 meds are incredible for dropping pounds.

Nobody's arguing that. But here's what your prescribing doctor probably didn't mention.

Rapid weight loss triggers a massive cortisol spike.

Cortisol tanks testosterone production at the source. Your body starts burning muscle for fuel instead of protecting it. Your energy craters. Your drive disappears. Your strength fades.

You're thinner — but weaker, foggier, and running on fumes. That's not a win.

Mars Men was built to protect what GLP-1s are quietly destroying.

Tongkat Ali blocks the cortisol spike that crashes your T during rapid weight loss.

Boron lowers SHBG so the testosterone you still have isn't locked up and useless. 8 clinically-dosed ingredients attacking the problem from every angle.

This isn't theory. 91% of men in a 1,000-person survey reported higher energy within 90 days. 87% reported increased strength. Results backed by bloodwork, not promises.

Right now it's 50% off with a full 90-day money-back guarantee.

Read the 10 reasons men on GLP-1s are adding this to their daily stack."
"C005","GLP","10-reasons-glp","https://mengotomars.com/pages/10-reasons-glp","96362501","83","91","8","failed","ad_only_or_capture_gap","capture_gap","Keep Muscle + Metabolism on GLP-1s","GLP-1s suppress appetite so hard your body starts eating muscle for fuel not fat.","Shop now","https://app.gethookd.ai/share/ad/96362501?signature=c60603f42200e585a9d0f72a2d680edb138ae810d74fa2d280501312d51928eb","mars-men-static-canonical-recipes-share/assets/remote/7397c229937f-media-4fa25d623ba9.jpg","1080","1920","10 Reasons Why This Natural Testosterone Support Supplement Crushes TRT – Mars Men","mars-men-static-canonical-recipes-share/index.html#ad-96362501","GLP-1s suppress appetite so hard your body starts eating muscle for fuel not fat.

Mars Men keeps muscle strong, metabolism firing, and T levels protected as fat drops. Natural, third-party tested, and safe no needles, no shutdown. 💪

Get your edge back while burning fat.

👉 50% OFF for a limited time."
"C005","GLP","10-reasons-glp","https://mengotomars.com/pages/10-reasons-glp","94903835","88","91","8","failed","ad_only_or_capture_gap","capture_gap","Keep Muscle + Metabolism on GLP-1s","GLP-1s suppress appetite so hard your body starts eating muscle for fuel not fat.","Shop now","https://app.gethookd.ai/share/ad/94903835?signature=3040ad57877b1467599f1bb3cbb93a493f33867b84410e519ffda109ddb86895","mars-men-static-canonical-recipes-share/assets/remote/7397c229937f-media-4fa25d623ba9.jpg","1080","1920","10 Reasons Why This Natural Testosterone Support Supplement Crushes TRT – Mars Men","mars-men-static-canonical-recipes-share/index.html#ad-94903835","GLP-1s suppress appetite so hard your body starts eating muscle for fuel not fat.

Mars Men keeps muscle strong, metabolism firing, and T levels protected as fat drops. Natural, third-party tested, and safe no needles, no shutdown. 💪

Get your edge back while burning fat.

👉 50% OFF for a limited time."
"C005","GLP","10-reasons-glp","https://mengotomars.com/pages/10-reasons-glp","94903329","103","91","8","failed","ad_only_or_capture_gap","capture_gap","Keep Muscle + Metabolism on GLP-1s","GLP-1s suppress appetite so hard your body starts eating muscle for fuel not fat.","Shop now","https://app.gethookd.ai/share/ad/94903329?signature=bc4cfc9ac9fa891329a29e9cb035702ad2facd5a7c2e88fe69d8509f6bcec34b","mars-men-static-canonical-recipes-share/assets/remote/7397c229937f-media-4fa25d623ba9.jpg","1080","1920","10 Reasons Why This Natural Testosterone Support Supplement Crushes TRT – Mars Men","mars-men-static-canonical-recipes-share/index.html#ad-94903329","GLP-1s suppress appetite so hard your body starts eating muscle for fuel not fat.

Mars Men keeps muscle strong, metabolism firing, and T levels protected as fat drops. Natural, third-party tested, and safe no needles, no shutdown. 💪

Get your edge back while burning fat.

👉 50% OFF for a limited time."
"C006","GLP","10-reasons-glp","https://mengotomars.com/pages/10-reasons-glp","94903621","47","91","11","failed","ad_only_or_capture_gap","capture_gap","What GLP-1 Does to Your T Levels","The weight's coming off. But so is your testosterone. GLP-1 meds are incredible for dropping pounds.","Shop now","https://app.gethookd.ai/share/ad/94903621?signature=59f5d8d9aa5154c4cb4440ebcd34b8a044e337f735ac8f6f00a765f47b178afb","mars-men-static-canonical-recipes-share/assets/remote/9ab4883df561-media-0e324af298e4.jpg","1080","1350","10 Reasons Why This Natural Testosterone Support Supplement Crushes TRT – Mars Men","mars-men-static-canonical-recipes-share/index.html#ad-94903621","The weight's coming off. But so is your testosterone. GLP-1 meds are incredible for dropping pounds.

Nobody's arguing that. But here's what your prescribing doctor probably didn't mention.

Rapid weight loss triggers a massive cortisol spike.

Cortisol tanks testosterone production at the source. Your body starts burning muscle for fuel instead of protecting it. Your energy craters. Your drive disappears. Your strength fades.

You're thinner — but weaker, foggier, and running on fumes. That's not a win.

Mars Men was built to protect what GLP-1s are quietly destroying.

Tongkat Ali blocks the cortisol spike that crashes your T during rapid weight loss.

Boron lowers SHBG so the testosterone you still have isn't locked up and useless. 8 clinically-dosed ingredients attacking the problem from every angle.

This isn't theory. 91% of men in a 1,000-person survey reported higher energy within 90 days. 87% reported increased strength. Results backed by bloodwork, not promises.

Right now it's 50% off with a full 90-day money-back guarantee.

Read the 10 reasons men on GLP-1s are adding this to their daily stack."
"C006","GLP","10-reasons-glp","https://mengotomars.com/pages/10-reasons-glp","94903411","79","91","9","failed","ad_only_or_capture_gap","capture_gap","What GLP-1 Does to Your T Levels","The weight's coming off. But so is your testosterone. GLP-1 meds are incredible for dropping pounds.","Shop now","https://app.gethookd.ai/share/ad/94903411?signature=7cc5fe33dd1cec43b3ded8bc523fcd049409c0e72889f551ff5d30aaeb5a5934","mars-men-static-canonical-recipes-share/assets/remote/9ab4883df561-media-0e324af298e4.jpg","1080","1350","10 Reasons Why This Natural Testosterone Support Supplement Crushes TRT – Mars Men","mars-men-static-canonical-recipes-share/index.html#ad-94903411","The weight's coming off. But so is your testosterone. GLP-1 meds are incredible for dropping pounds.

Nobody's arguing that. But here's what your prescribing doctor probably didn't mention.

Rapid weight loss triggers a massive cortisol spike.

Cortisol tanks testosterone production at the source. Your body starts burning muscle for fuel instead of protecting it. Your energy craters. Your drive disappears. Your strength fades.

You're thinner — but weaker, foggier, and running on fumes. That's not a win.

Mars Men was built to protect what GLP-1s are quietly destroying.

Tongkat Ali blocks the cortisol spike that crashes your T during rapid weight loss.

Boron lowers SHBG so the testosterone you still have isn't locked up and useless. 8 clinically-dosed ingredients attacking the problem from every angle.

This isn't theory. 91% of men in a 1,000-person survey reported higher energy within 90 days. 87% reported increased strength. Results backed by bloodwork, not promises.

Right now it's 50% off with a full 90-day money-back guarantee.

Read the 10 reasons men on GLP-1s are adding this to their daily stack."
"C007","GLP","10-reasons-glp","https://mengotomars.com/pages/10-reasons-glp","96362512","82","91","8","failed","ad_only_or_capture_gap","capture_gap","Keep Muscle + Metabolism on GLP-1s","GLP-1s suppress appetite so hard your body starts eating muscle for fuel not fat.","Shop now","https://app.gethookd.ai/share/ad/96362512?signature=a0758f5221ba24296eed3935c2ec2b8baade89da7b3c39b97d1c6180ecf67f6f","mars-men-static-canonical-recipes-share/assets/remote/6ef412352013-media-018cbc7056f4.jpg","1080","1350","10 Reasons Why This Natural Testosterone Support Supplement Crushes TRT – Mars Men","mars-men-static-canonical-recipes-share/index.html#ad-96362512","GLP-1s suppress appetite so hard your body starts eating muscle for fuel not fat.

Mars Men keeps muscle strong, metabolism firing, and T levels protected as fat drops. Natural, third-party tested, and safe no needles, no shutdown. 💪

Get your edge back while burning fat.

👉 50% OFF for a limited time."
"C007","GLP","10-reasons-glp","https://mengotomars.com/pages/10-reasons-glp","94903337","101","91","8","failed","ad_only_or_capture_gap","capture_gap","Keep Muscle + Metabolism on GLP-1s","GLP-1s suppress appetite so hard your body starts eating muscle for fuel not fat.","Shop now","https://app.gethookd.ai/share/ad/94903337?signature=426b0f23bf1b7c4a8c5d0d8e2dafe6e83b267ebf4f677d1485207773c76ad9fc","mars-men-static-canonical-recipes-share/assets/remote/28d14399109c-media-1dbff4df3ea0.jpg","1080","1350","10 Reasons Why This Natural Testosterone Support Supplement Crushes TRT – Mars Men","mars-men-static-canonical-recipes-share/index.html#ad-94903337","GLP-1s suppress appetite so hard your body starts eating muscle for fuel not fat.

Mars Men keeps muscle strong, metabolism firing, and T levels protected as fat drops. Natural, third-party tested, and safe no needles, no shutdown. 💪

Get your edge back while burning fat.

👉 50% OFF for a limited time."
"C008","GLP","10-reasons-glp","https://mengotomars.com/pages/10-reasons-glp","94903681","6","91","12","failed","ad_only_or_capture_gap","capture_gap","Keep Muscle + Metabolism on GLP-1s","GLP-1s suppress appetite so hard your body starts eating muscle for fuel not fat.","Shop now","https://app.gethookd.ai/share/ad/94903681?signature=c1e8524abde54275acf4326717f94eb0d6daf15eb68efc85c13a3d5a3eb41989","mars-men-static-canonical-recipes-share/assets/remote/0de00a1de5b6-media-7235783988d2.jpg","1080","1350","10 Reasons Why This Natural Testosterone Support Supplement Crushes TRT – Mars Men","mars-men-static-canonical-recipes-share/index.html#ad-94903681","GLP-1s suppress appetite so hard your body starts eating muscle for fuel not fat.

Mars Men keeps muscle strong, metabolism firing, and T levels protected as fat drops. Natural, third-party tested, and safe no needles, no shutdown. 💪

Get your edge back while burning fat.

👉 50% OFF for a limited time."
"C009","GLP","10-reasons-glp","https://mengotomars.com/pages/10-reasons-glp","96362526","80","91","8","failed","ad_only_or_capture_gap","capture_gap","Keep Muscle + Metabolism on GLP-1s","GLP-1s suppress appetite so hard your body starts eating muscle for fuel not fat.","Shop now","https://app.gethookd.ai/share/ad/96362526?signature=9c357eaf984d5d32abc9749cf0a58d4852bc75bee0e82aaeb1de2f3987fdf2c7","mars-men-static-canonical-recipes-share/assets/remote/558c9dc8d87c-media-f6e795a77f80.jpg","1080","1350","10 Reasons Why This Natural Testosterone Support Supplement Crushes TRT – Mars Men","mars-men-static-canonical-recipes-share/index.html#ad-96362526","GLP-1s suppress appetite so hard your body starts eating muscle for fuel not fat.

Mars Men keeps muscle strong, metabolism firing, and T levels protected as fat drops. Natural, third-party tested, and safe no needles, no shutdown. 💪

Get your edge back while burning fat.

👉 50% OFF for a limited time."
"C010","GLP","10-reasons-glp","https://mengotomars.com/pages/10-reasons-glp","95129903","84","91","8","failed","ad_only_or_capture_gap","capture_gap","Keep Muscle + Metabolism on GLP-1s","GLP-1s suppress appetite so hard your body starts eating muscle for fuel not fat.","Shop now","https://app.gethookd.ai/share/ad/95129903?signature=d144aa10d3b71a93fe65219a8d1356ca3b34f9840ae099ca14b28073d9f242c2","mars-men-static-canonical-recipes-share/assets/remote/25df8bfcaf02-media-2e268ac8fb46.jpg","1080","1350","10 Reasons Why This Natural Testosterone Support Supplement Crushes TRT – Mars Men","mars-men-static-canonical-recipes-share/index.html#ad-95129903","GLP-1s suppress appetite so hard your body starts eating muscle for fuel not fat.

Mars Men keeps muscle strong, metabolism firing, and T levels protected as fat drops. Natural, third-party tested, and safe no needles, no shutdown. 💪

Get your edge back while burning fat.

👉 50% OFF for a limited time."
"C011","GLP","10-reasons-glp","https://mengotomars.com/pages/10-reasons-glp","94903406","97","91","8","failed","ad_only_or_capture_gap","capture_gap","What GLP-1 Does to Your T Levels","The weight's coming off. But so is your testosterone. GLP-1 meds are incredible for dropping pounds.","Shop now","https://app.gethookd.ai/share/ad/94903406?signature=ecbe35d827d78da61591d413b2ee72ccd26eae90331869b79d3a30bd6da28293","mars-men-static-canonical-recipes-share/assets/remote/fbcf6358016d-media-d287a8de7737.jpg","1080","1350","10 Reasons Why This Natural Testosterone Support Supplement Crushes TRT – Mars Men","mars-men-static-canonical-recipes-share/index.html#ad-94903406","The weight's coming off. But so is your testosterone. GLP-1 meds are incredible for dropping pounds.

Nobody's arguing that. But here's what your prescribing doctor probably didn't mention.

Rapid weight loss triggers a massive cortisol spike.

Cortisol tanks testosterone production at the source. Your body starts burning muscle for fuel instead of protecting it. Your energy craters. Your drive disappears. Your strength fades.

You're thinner — but weaker, foggier, and running on fumes. That's not a win.

Mars Men was built to protect what GLP-1s are quietly destroying.

Tongkat Ali blocks the cortisol spike that crashes your T during rapid weight loss.

Boron lowers SHBG so the testosterone you still have isn't locked up and useless. 8 clinically-dosed ingredients attacking the problem from every angle.

This isn't theory. 91% of men in a 1,000-person survey reported higher energy within 90 days. 87% reported increased strength. Results backed by bloodwork, not promises.

Right now it's 50% off with a full 90-day money-back guarantee.

Read the 10 reasons men on GLP-1s are adding this to their daily stack."
"C012","GLP","10-reasons-glp","https://mengotomars.com/pages/10-reasons-glp","95129805","111","91","7","failed","ad_only_or_capture_gap","capture_gap","Keep Muscle + Metabolism on GLP-1s","GLP-1s suppress appetite so hard your body starts eating muscle for fuel not fat.","Shop now","https://app.gethookd.ai/share/ad/95129805?signature=844d0202359d41c8327119427248aa96baea543ab993d1d2f872eb84963a7e21","mars-men-static-canonical-recipes-share/assets/remote/a019f8b96f3c-media-9955f30f0c8b.jpg","1080","1920","10 Reasons Why This Natural Testosterone Support Supplement Crushes TRT – Mars Men","mars-men-static-canonical-recipes-share/index.html#ad-95129805","GLP-1s suppress appetite so hard your body starts eating muscle for fuel not fat.

Mars Men keeps muscle strong, metabolism firing, and T levels protected as fat drops. Natural, third-party tested, and safe no needles, no shutdown. 💪

Get your edge back while burning fat.

👉 50% OFF for a limited time."
"C013","GLP","dr-latt-glp","https://mengotomars.com/pages/dr-latt-glp","94903594","114","81","8","failed","ad_only_or_capture_gap","capture_gap","The GLP-1 Side Effect No One Mentions","What did they NOT tell you when they prescribed your GLP-1?","See details","https://app.gethookd.ai/share/ad/94903594?signature=1018806551da3d3e9b83a00f6b2afea67502f10d3acef62b45bc0fe47e79b702","mars-men-static-canonical-recipes-share/assets/remote/008180b6d442-media-b48c85e53ae7.jpg","1080","1350","| Physiology, Anatomy & Genetics, University of Oxford | Biotechnology, Columbia University","mars-men-static-canonical-recipes-share/index.html#ad-94903594","What did they NOT tell you when they prescribed your GLP-1?

They told you about the nausea. The injection schedule. The dietary changes.

But nobody mentioned what's happening to your testosterone.

Here's the gap in your doctor's advice: GLP-1 medications trigger rapid weight loss. Great. But your body doesn't discriminate between fat and muscle when it's shedding weight that fast. You're losing lean tissue — the exact tissue responsible for keeping your metabolism firing and your T levels healthy.

Research now shows GLP-1 users face significantly higher risk of testosterone deficiency. So while the number on the scale drops, so does the hormone responsible for your energy, your strength, your drive, and your performance in every area that matters.

There's a reason you feel lighter but not better.

Dr. Latt Mansor knows this better than almost anyone. Oxford PhD. Columbia MS. He consults with Navy SEALs and Olympic athletes on performance optimization. And he has a specific recommendation for every man currently on a GLP-1.

It starts with eight ingredients most doctors have never heard of.

Boron to lower SHBG and free up locked testosterone. Tongkat Ali to block aromatase — the enzyme converting your T to estrogen. Fenugreek to protect against another conversion pathway. All at full clinical doses in one daily stack called Mars Men.

91% of men in a 1,000-person survey reported higher energy within 90 days. 87% reported increased strength.

Mars Men is currently 50% off with a full 90-day money-back guarantee.

Read Dr. Latt's 2-minute article on what GLP-1s are really doing to men's hormones — and the natural protocol he says every GLP-1 user needs."
"C014","Weight loss","t-upgrade-with-weight-loss","https://mengotomars.com/pages/t-upgrade-with-weight-loss","94903501","12","91","12","failed","ad_only_or_capture_gap","capture_gap","Fix Your Hormones. Lose The Gut.","Summer is 8 weeks away. Your body isn't ready.","Shop now","https://app.gethookd.ai/share/ad/94903501?signature=109d74fb01e90b222cad8d4f30e95c26d5f79760b6258e6b006e320b63cdf381","mars-men-static-canonical-recipes-share/assets/remote/7dbbc2d62a45-media-df7664f85a07.jpg","1080","1920","Torch stubborn Belly fat with this Natural T-Upgrade – Mars Men","mars-men-static-canonical-recipes-share/index.html#ad-94903501","Summer is 8 weeks away. Your body isn't ready.

And here's the part no one tells you — the extra cardio won't fix it. The calorie cutting won't fix it. Not this time.

Because after 30, your body starts converting testosterone into estrogen. That's not a metaphor.

There's an enzyme called aromatase that literally takes the hormone that burns fat and builds muscle… and turns it into the hormone that stores belly fat and softens everything.

Your gut isn't a discipline problem. It's a hormone problem.

Every month you ignore it, the ratio shifts further. More estrogen. Less T. More fat stored around your chest and midsection. Less muscle holding on.

Mars Men was built to attack this at the root. Tongkat Ali blocks the aromatase enzyme so your T stops converting to estrogen.

Boron lowers SHBG so the testosterone you DO have actually gets used instead of locked up.

8 clinically-dosed ingredients. One daily stack.

91% of men reported higher energy within 90 days. 87% reported increased strength. These aren't lab rats — that's a survey of over 1,000 real customers.

Right now it's 50% off with a 90-day money-back guarantee. You literally risk nothing."
"C014","Weight loss","t-upgrade-with-weight-loss","https://mengotomars.com/pages/t-upgrade-with-weight-loss","94284615","26","91","12","failed","ad_only_or_capture_gap","capture_gap","Fix Your Hormones. Lose The Gut.","Summer is 8 weeks away. Your body isn't ready.","Shop now","https://app.gethookd.ai/share/ad/94284615?signature=da42d4cd70f5df15d51fb61bc666d90113b8aaf9d81da4fc18da20733ec1ad7e","mars-men-static-canonical-recipes-share/assets/remote/a5cdf13d968a-media-34c39f26bb7e.jpg","1080","1920","Torch stubborn Belly fat with this Natural T-Upgrade – Mars Men","mars-men-static-canonical-recipes-share/index.html#ad-94284615","Summer is 8 weeks away. Your body isn't ready.

And here's the part no one tells you — the extra cardio won't fix it. The calorie cutting won't fix it. Not this time.

Because after 30, your body starts converting testosterone into estrogen. That's not a metaphor.

There's an enzyme called aromatase that literally takes the hormone that burns fat and builds muscle… and turns it into the hormone that stores belly fat and softens everything.

Your gut isn't a discipline problem. It's a hormone problem.

Every month you ignore it, the ratio shifts further. More estrogen. Less T. More fat stored around your chest and midsection. Less muscle holding on.

Mars Men was built to attack this at the root. Tongkat Ali blocks the aromatase enzyme so your T stops converting to estrogen.

Boron lowers SHBG so the testosterone you DO have actually gets used instead of locked up.

8 clinically-dosed ingredients. One daily stack.

91% of men reported higher energy within 90 days. 87% reported increased strength. These aren't lab rats — that's a survey of over 1,000 real customers.

Right now it's 50% off with a 90-day money-back guarantee. You literally risk nothing."
"C014","Weight loss","t-upgrade-with-weight-loss","https://mengotomars.com/pages/t-upgrade-with-weight-loss","94284474","29","91","12","failed","ad_only_or_capture_gap","capture_gap","Fix Your Hormones. Lose The Gut.","Summer is 8 weeks away. Your body isn't ready.","Shop now","https://app.gethookd.ai/share/ad/94284474?signature=6bf08f449e53c0d0b46f50787398d8f2b164b2c4b0aa50159a131750839be285","mars-men-static-canonical-recipes-share/assets/remote/5898376cb609-media-bb2da4fd3d28.jpg","1080","1920","Torch stubborn Belly fat with this Natural T-Upgrade – Mars Men","mars-men-static-canonical-recipes-share/index.html#ad-94284474","Summer is 8 weeks away. Your body isn't ready.

And here's the part no one tells you — the extra cardio won't fix it. The calorie cutting won't fix it. Not this time.

Because after 30, your body starts converting testosterone into estrogen. That's not a metaphor.

There's an enzyme called aromatase that literally takes the hormone that burns fat and builds muscle… and turns it into the hormone that stores belly fat and softens everything.

Your gut isn't a discipline problem. It's a hormone problem.

Every month you ignore it, the ratio shifts further. More estrogen. Less T. More fat stored around your chest and midsection. Less muscle holding on.

Mars Men was built to attack this at the root. Tongkat Ali blocks the aromatase enzyme so your T stops converting to estrogen.

Boron lowers SHBG so the testosterone you DO have actually gets used instead of locked up.

8 clinically-dosed ingredients. One daily stack.

91% of men reported higher energy within 90 days. 87% reported increased strength. These aren't lab rats — that's a survey of over 1,000 real customers.

Right now it's 50% off with a 90-day money-back guarantee. You literally risk nothing."
"C014","Weight loss","t-upgrade-with-weight-loss","https://mengotomars.com/pages/t-upgrade-with-weight-loss","94284317","42","91","12","failed","ad_only_or_capture_gap","capture_gap","Fix Your Hormones. Lose The Gut.","Summer is 8 weeks away. Your body isn't ready.","Shop now","https://app.gethookd.ai/share/ad/94284317?signature=94a884319f334c9ee424f03a73b7dc8aca5a414b2c3b25db69a87e2178ca1e03","mars-men-static-canonical-recipes-share/assets/remote/55b320a20411-media-201202ec4852.jpg","1080","1920","Torch stubborn Belly fat with this Natural T-Upgrade – Mars Men","mars-men-static-canonical-recipes-share/index.html#ad-94284317","Summer is 8 weeks away. Your body isn't ready.

And here's the part no one tells you — the extra cardio won't fix it. The calorie cutting won't fix it. Not this time.

Because after 30, your body starts converting testosterone into estrogen. That's not a metaphor.

There's an enzyme called aromatase that literally takes the hormone that burns fat and builds muscle… and turns it into the hormone that stores belly fat and softens everything.

Your gut isn't a discipline problem. It's a hormone problem.

Every month you ignore it, the ratio shifts further. More estrogen. Less T. More fat stored around your chest and midsection. Less muscle holding on.

Mars Men was built to attack this at the root. Tongkat Ali blocks the aromatase enzyme so your T stops converting to estrogen.

Boron lowers SHBG so the testosterone you DO have actually gets used instead of locked up.

8 clinically-dosed ingredients. One daily stack.

91% of men reported higher energy within 90 days. 87% reported increased strength. These aren't lab rats — that's a survey of over 1,000 real customers.

Right now it's 50% off with a 90-day money-back guarantee. You literally risk nothing."
"C014","Weight loss","t-upgrade-with-weight-loss","https://mengotomars.com/pages/t-upgrade-with-weight-loss","94284609","58","91","11","failed","ad_only_or_capture_gap","capture_gap","Fix Your Hormones. Lose The Gut.","Summer is 8 weeks away. Your body isn't ready.","Shop now","https://app.gethookd.ai/share/ad/94284609?signature=5594560cb6ad5473cd47e5d238cf2f5d598f36b6113ca714cf8bcf3c129f8454","mars-men-static-canonical-recipes-share/assets/remote/580400e4f976-media-ebdca40d3989.jpg","1080","1920","Torch stubborn Belly fat with this Natural T-Upgrade – Mars Men","mars-men-static-canonical-recipes-share/index.html#ad-94284609","Summer is 8 weeks away. Your body isn't ready.

And here's the part no one tells you — the extra cardio won't fix it. The calorie cutting won't fix it. Not this time.

Because after 30, your body starts converting testosterone into estrogen. That's not a metaphor.

There's an enzyme called aromatase that literally takes the hormone that burns fat and builds muscle… and turns it into the hormone that stores belly fat and softens everything.

Your gut isn't a discipline problem. It's a hormone problem.

Every month you ignore it, the ratio shifts further. More estrogen. Less T. More fat stored around your chest and midsection. Less muscle holding on.

Mars Men was built to attack this at the root. Tongkat Ali blocks the aromatase enzyme so your T stops converting to estrogen.

Boron lowers SHBG so the testosterone you DO have actually gets used instead of locked up.

8 clinically-dosed ingredients. One daily stack.

91% of men reported higher energy within 90 days. 87% reported increased strength. These aren't lab rats — that's a survey of over 1,000 real customers.

Right now it's 50% off with a 90-day money-back guarantee. You literally risk nothing."
"C014","Weight loss","t-upgrade-with-weight-loss","https://mengotomars.com/pages/t-upgrade-with-weight-loss","94284344","72","91","11","failed","ad_only_or_capture_gap","capture_gap","Fix Your Hormones. Lose The Gut.","Summer is 8 weeks away. Your body isn't ready.","Shop now","https://app.gethookd.ai/share/ad/94284344?signature=874f786f905d928af20404ee638eb5a2fae97bb0bf02b4e2204c953eb221a8fc","mars-men-static-canonical-recipes-share/assets/remote/580400e4f976-media-ebdca40d3989.jpg","1080","1920","Torch stubborn Belly fat with this Natural T-Upgrade – Mars Men","mars-men-static-canonical-recipes-share/index.html#ad-94284344","Summer is 8 weeks away. Your body isn't ready.

And here's the part no one tells you — the extra cardio won't fix it. The calorie cutting won't fix it. Not this time.

Because after 30, your body starts converting testosterone into estrogen. That's not a metaphor.

There's an enzyme called aromatase that literally takes the hormone that burns fat and builds muscle… and turns it into the hormone that stores belly fat and softens everything.

Your gut isn't a discipline problem. It's a hormone problem.

Every month you ignore it, the ratio shifts further. More estrogen. Less T. More fat stored around your chest and midsection. Less muscle holding on.

Mars Men was built to attack this at the root. Tongkat Ali blocks the aromatase enzyme so your T stops converting to estrogen.

Boron lowers SHBG so the testosterone you DO have actually gets used instead of locked up.

8 clinically-dosed ingredients. One daily stack.

91% of men reported higher energy within 90 days. 87% reported increased strength. These aren't lab rats — that's a survey of over 1,000 real customers.

Right now it's 50% off with a 90-day money-back guarantee. You literally risk nothing."
"C014","Weight loss","t-upgrade-with-weight-loss","https://mengotomars.com/pages/t-upgrade-with-weight-loss","94284343","73","91","11","failed","ad_only_or_capture_gap","capture_gap","Fix Your Hormones. Lose The Gut.","Summer is 8 weeks away. Your body isn't ready.","Shop now","https://app.gethookd.ai/share/ad/94284343?signature=a5d915a241d3ab985829300840898620c29668ac6d3fa957e95f94d835baa819","mars-men-static-canonical-recipes-share/assets/remote/580400e4f976-media-ebdca40d3989.jpg","1080","1920","Torch stubborn Belly fat with this Natural T-Upgrade – Mars Men","mars-men-static-canonical-recipes-share/index.html#ad-94284343","Summer is 8 weeks away. Your body isn't ready.

And here's the part no one tells you — the extra cardio won't fix it. The calorie cutting won't fix it. Not this time.

Because after 30, your body starts converting testosterone into estrogen. That's not a metaphor.

There's an enzyme called aromatase that literally takes the hormone that burns fat and builds muscle… and turns it into the hormone that stores belly fat and softens everything.

Your gut isn't a discipline problem. It's a hormone problem.

Every month you ignore it, the ratio shifts further. More estrogen. Less T. More fat stored around your chest and midsection. Less muscle holding on.

Mars Men was built to attack this at the root. Tongkat Ali blocks the aromatase enzyme so your T stops converting to estrogen.

Boron lowers SHBG so the testosterone you DO have actually gets used instead of locked up.

8 clinically-dosed ingredients. One daily stack.

91% of men reported higher energy within 90 days. 87% reported increased strength. These aren't lab rats — that's a survey of over 1,000 real customers.

Right now it's 50% off with a 90-day money-back guarantee. You literally risk nothing."
"C015","Weight loss","t-upgrade-with-weight-loss","https://mengotomars.com/pages/t-upgrade-with-weight-loss","94284772","22","91","12","failed","ad_only_or_capture_gap","capture_gap","Fix Your Hormones. Lose The Moobs.","Summer's 90 days away. Your hormones don't care.","Shop now","https://app.gethookd.ai/share/ad/94284772?signature=ee2e1236537be6c907a04934cbb86c96f8d9c2d9b7dd8701ee3ab6ed0c641814","mars-men-static-canonical-recipes-share/assets/remote/503eddff929e-media-5fc9144819a6.jpg","1080","1920","Torch stubborn Belly fat with this Natural T-Upgrade – Mars Men","mars-men-static-canonical-recipes-share/index.html#ad-94284772","Summer's 90 days away. Your hormones don't care.

Right now, your body is running a 24/7 sabotage operation on your physique. Elevated cortisol is telling your body to store fat — especially around your midsection. An enzyme called aromatase is converting your testosterone into estrogen. And a protein called SHBG is locking up whatever T you have left so your muscles can't even use it.

Three systems working against you. Crunches won't fix that. Neither will another crash diet.

Mars Men was built to attack all three.

Tongkat Ali blocks the enzyme converting your T to estrogen and drives cortisol down.

Boron lowers SHBG so your body can actually USE the testosterone it makes.

8 clinically-dosed ingredients total — each targeting a different piece of the hormonal puzzle.

87% of men in a 1,000-person survey reported increased strength. One customer at 62 says he's stronger now than in his 20s and 30s.

Right now it's 50% off for life — plus free shipping, a free Natural Testosterone Guide, and a free travel tin. Backed by a 90-day Higher-T Guarantee.

Every week you wait, your body stores more fat and burns less muscle. That's not aging — that's hormones."
"C015","Weight loss","t-upgrade-with-weight-loss","https://mengotomars.com/pages/t-upgrade-with-weight-loss","94284449","31","91","12","failed","ad_only_or_capture_gap","capture_gap","Fix Your Hormones. Lose The Moobs.","Summer's 90 days away. Your hormones don't care.","Shop now","https://app.gethookd.ai/share/ad/94284449?signature=dacca5d9e947d7e5c690437ca550c77af80f7c969441d798a21349d0573fa96c","mars-men-static-canonical-recipes-share/assets/remote/73a9d4ac72a2-media-3d519bb8b83e.jpg","1080","1920","Torch stubborn Belly fat with this Natural T-Upgrade – Mars Men","mars-men-static-canonical-recipes-share/index.html#ad-94284449","Summer's 90 days away. Your hormones don't care.

Right now, your body is running a 24/7 sabotage operation on your physique. Elevated cortisol is telling your body to store fat — especially around your midsection. An enzyme called aromatase is converting your testosterone into estrogen. And a protein called SHBG is locking up whatever T you have left so your muscles can't even use it.

Three systems working against you. Crunches won't fix that. Neither will another crash diet.

Mars Men was built to attack all three.

Tongkat Ali blocks the enzyme converting your T to estrogen and drives cortisol down.

Boron lowers SHBG so your body can actually USE the testosterone it makes.

8 clinically-dosed ingredients total — each targeting a different piece of the hormonal puzzle.

87% of men in a 1,000-person survey reported increased strength. One customer at 62 says he's stronger now than in his 20s and 30s.

Right now it's 50% off for life — plus free shipping, a free Natural Testosterone Guide, and a free travel tin. Backed by a 90-day Higher-T Guarantee.

Every week you wait, your body stores more fat and burns less muscle. That's not aging — that's hormones."
"C015","Weight loss","t-upgrade-with-weight-loss","https://mengotomars.com/pages/t-upgrade-with-weight-loss","94284316","43","91","12","failed","ad_only_or_capture_gap","capture_gap","Fix Your Hormones. Lose The Moobs.","Summer's 90 days away. Your hormones don't care.","Shop now","https://app.gethookd.ai/share/ad/94284316?signature=0eb1fb0b0071d2b0409efa661c31d33c8e0b262b7f97e235dbfb88d741239390","mars-men-static-canonical-recipes-share/assets/remote/a8ba7d4ae653-media-0d86b4e14fd3.jpg","1080","1920","Torch stubborn Belly fat with this Natural T-Upgrade – Mars Men","mars-men-static-canonical-recipes-share/index.html#ad-94284316","Summer's 90 days away. Your hormones don't care.

Right now, your body is running a 24/7 sabotage operation on your physique. Elevated cortisol is telling your body to store fat — especially around your midsection. An enzyme called aromatase is converting your testosterone into estrogen. And a protein called SHBG is locking up whatever T you have left so your muscles can't even use it.

Three systems working against you. Crunches won't fix that. Neither will another crash diet.

Mars Men was built to attack all three.

Tongkat Ali blocks the enzyme converting your T to estrogen and drives cortisol down.

Boron lowers SHBG so your body can actually USE the testosterone it makes.

8 clinically-dosed ingredients total — each targeting a different piece of the hormonal puzzle.

87% of men in a 1,000-person survey reported increased strength. One customer at 62 says he's stronger now than in his 20s and 30s.

Right now it's 50% off for life — plus free shipping, a free Natural Testosterone Guide, and a free travel tin. Backed by a 90-day Higher-T Guarantee.

Every week you wait, your body stores more fat and burns less muscle. That's not aging — that's hormones."
"C015","Weight loss","t-upgrade-with-weight-loss","https://mengotomars.com/pages/t-upgrade-with-weight-loss","94284531","60","91","11","failed","ad_only_or_capture_gap","capture_gap","Fix Your Hormones. Lose The Moobs.","Summer's 90 days away. Your hormones don't care.","Shop now","https://app.gethookd.ai/share/ad/94284531?signature=3b931314db151fcc2e5adface65a94c64844921487a7c283f240b0e3c09c6125","mars-men-static-canonical-recipes-share/assets/remote/20f02fbbd03e-media-510db460df8e.jpg","1080","1920","Torch stubborn Belly fat with this Natural T-Upgrade – Mars Men","mars-men-static-canonical-recipes-share/index.html#ad-94284531","Summer's 90 days away. Your hormones don't care.

Right now, your body is running a 24/7 sabotage operation on your physique. Elevated cortisol is telling your body to store fat — especially around your midsection. An enzyme called aromatase is converting your testosterone into estrogen. And a protein called SHBG is locking up whatever T you have left so your muscles can't even use it.

Three systems working against you. Crunches won't fix that. Neither will another crash diet.

Mars Men was built to attack all three.

Tongkat Ali blocks the enzyme converting your T to estrogen and drives cortisol down.

Boron lowers SHBG so your body can actually USE the testosterone it makes.

8 clinically-dosed ingredients total — each targeting a different piece of the hormonal puzzle.

87% of men in a 1,000-person survey reported increased strength. One customer at 62 says he's stronger now than in his 20s and 30s.

Right now it's 50% off for life — plus free shipping, a free Natural Testosterone Guide, and a free travel tin. Backed by a 90-day Higher-T Guarantee.

Every week you wait, your body stores more fat and burns less muscle. That's not aging — that's hormones."
"C015","Weight loss","t-upgrade-with-weight-loss","https://mengotomars.com/pages/t-upgrade-with-weight-loss","94284495","63","91","11","failed","ad_only_or_capture_gap","capture_gap","Fix Your Hormones. Lose The Moobs.","Summer's 90 days away. Your hormones don't care.","Shop now","https://app.gethookd.ai/share/ad/94284495?signature=a63ab8652a07165538e2ae3f2f62ae0fd88b00a85dbf7333386fd9218bf4fb3e","mars-men-static-canonical-recipes-share/assets/remote/683484739564-media-14c48454853c.jpg","1080","1920","Torch stubborn Belly fat with this Natural T-Upgrade – Mars Men","mars-men-static-canonical-recipes-share/index.html#ad-94284495","Summer's 90 days away. Your hormones don't care.

Right now, your body is running a 24/7 sabotage operation on your physique. Elevated cortisol is telling your body to store fat — especially around your midsection. An enzyme called aromatase is converting your testosterone into estrogen. And a protein called SHBG is locking up whatever T you have left so your muscles can't even use it.

Three systems working against you. Crunches won't fix that. Neither will another crash diet.

Mars Men was built to attack all three.

Tongkat Ali blocks the enzyme converting your T to estrogen and drives cortisol down.

Boron lowers SHBG so your body can actually USE the testosterone it makes.

8 clinically-dosed ingredients total — each targeting a different piece of the hormonal puzzle.

87% of men in a 1,000-person survey reported increased strength. One customer at 62 says he's stronger now than in his 20s and 30s.

Right now it's 50% off for life — plus free shipping, a free Natural Testosterone Guide, and a free travel tin. Backed by a 90-day Higher-T Guarantee.

Every week you wait, your body stores more fat and burns less muscle. That's not aging — that's hormones."
"C015","Weight loss","t-upgrade-with-weight-loss","https://mengotomars.com/pages/t-upgrade-with-weight-loss","94284360","71","91","11","failed","ad_only_or_capture_gap","capture_gap","Fix Your Hormones. Lose The Moobs.","Summer's 90 days away. Your hormones don't care.","Shop now","https://app.gethookd.ai/share/ad/94284360?signature=bbf35d2724d650dc270c0dea4f3d67d39336d1d697511334d9fc3a0f7d4069e3","mars-men-static-canonical-recipes-share/assets/remote/683484739564-media-14c48454853c.jpg","1080","1920","Torch stubborn Belly fat with this Natural T-Upgrade – Mars Men","mars-men-static-canonical-recipes-share/index.html#ad-94284360","Summer's 90 days away. Your hormones don't care.

Right now, your body is running a 24/7 sabotage operation on your physique. Elevated cortisol is telling your body to store fat — especially around your midsection. An enzyme called aromatase is converting your testosterone into estrogen. And a protein called SHBG is locking up whatever T you have left so your muscles can't even use it.

Three systems working against you. Crunches won't fix that. Neither will another crash diet.

Mars Men was built to attack all three.

Tongkat Ali blocks the enzyme converting your T to estrogen and drives cortisol down.

Boron lowers SHBG so your body can actually USE the testosterone it makes.

8 clinically-dosed ingredients total — each targeting a different piece of the hormonal puzzle.

87% of men in a 1,000-person survey reported increased strength. One customer at 62 says he's stronger now than in his 20s and 30s.

Right now it's 50% off for life — plus free shipping, a free Natural Testosterone Guide, and a free travel tin. Backed by a 90-day Higher-T Guarantee.

Every week you wait, your body stores more fat and burns less muscle. That's not aging — that's hormones."
"C015","Weight loss","t-upgrade-with-weight-loss","https://mengotomars.com/pages/t-upgrade-with-weight-loss","94284315","75","91","11","failed","ad_only_or_capture_gap","capture_gap","Fix Your Hormones. Lose The Moobs.","Summer's 90 days away. Your hormones don't care.","Shop now","https://app.gethookd.ai/share/ad/94284315?signature=df40476196eca51cf5d344765f179cf48c32099c58e78a5effab8ff6552a5497","mars-men-static-canonical-recipes-share/assets/remote/683484739564-media-14c48454853c.jpg","1080","1920","Torch stubborn Belly fat with this Natural T-Upgrade – Mars Men","mars-men-static-canonical-recipes-share/index.html#ad-94284315","Summer's 90 days away. Your hormones don't care.

Right now, your body is running a 24/7 sabotage operation on your physique. Elevated cortisol is telling your body to store fat — especially around your midsection. An enzyme called aromatase is converting your testosterone into estrogen. And a protein called SHBG is locking up whatever T you have left so your muscles can't even use it.

Three systems working against you. Crunches won't fix that. Neither will another crash diet.

Mars Men was built to attack all three.

Tongkat Ali blocks the enzyme converting your T to estrogen and drives cortisol down.

Boron lowers SHBG so your body can actually USE the testosterone it makes.

8 clinically-dosed ingredients total — each targeting a different piece of the hormonal puzzle.

87% of men in a 1,000-person survey reported increased strength. One customer at 62 says he's stronger now than in his 20s and 30s.

Right now it's 50% off for life — plus free shipping, a free Natural Testosterone Guide, and a free travel tin. Backed by a 90-day Higher-T Guarantee.

Every week you wait, your body stores more fat and burns less muscle. That's not aging — that's hormones."
"C016","Quiz funnel","quiz-v6","https://mengotomars.com/pages/quiz-v6","94903454","16","91","12","not_captured","ad_only_or_capture_gap","capture_gap","50% Off + Free Gifts 🚀","You eat clean. You train hard. You’re STILL tired and gaining weight. Here’s why.","Shop now","https://app.gethookd.ai/share/ad/94903454?signature=8dcabbd1db51e32e94385724cfac63680e40bf9accfdfd24135ac6481cd08452","mars-men-static-canonical-recipes-share/assets/remote/5e02fe6f3797-media-bd0da4209c0b.jpg","1080","1080","The Natural And Effective Way To Increase Testosterone, Energy, Strength & Male Vitality – Mars Men","mars-men-static-canonical-recipes-share/index.html#ad-94903454","You eat clean. You train hard. You’re STILL tired and gaining weight. Here’s why.

If you’re over 35 and constantly tired, dragging through the day, or frustrated in the gym…

It’s not motivation or willpower.

It’s testosterone.

T levels start dropping around age 30. And that slow hormonal drain robs you of energy, drive, strength, confidence, and performance.

One day you wake up and wonder:

“What happened?”

Most guys try to fix it by doubling down on workouts… eating cleaner… drinking more coffee…

And when that doesn’t work?

They end up with a cabinet full of overpriced, under-dosed supplements. Or worse, they consider jumping on TRT.

Here’s the truth:

You don’t need needles, prescriptions, or a dozen bottles.

You need one clinically dosed stack that helps your body produce more testosterone, naturally.

That’s what Mars Men was built for.

It’s an all-in-one daily testosterone support formula with 8 powerhouse ingredients, including:

🌿 Tongkat Ali – Boosts drive, energy, and morning wood
🪨 Shilajit – Fuels stamina so you don’t crash mid-day
🛡️ Zinc – Keeps hormones balanced and focus sharp
⚙️ Boron – Frees up testosterone for more motivation
🌾 Fenugreek – Fires up libido and bedroom confidence
⚡ Taurine – Speeds recovery and sharpens mental focus
☀️💪 Vitamins D, K1 + K2 – Supports bones, mood, and daily energy

No BS. No fairy dust. Just full clinical doses your body can feel.

In a recent survey, men using Mars Men for 90 days reported:

✅ 91% increase in energy
✅ 87% felt stronger and more recovered
✅ 82% noticed improved vitality
✅ +60% testosterone boost (verified by bloodwork)

No needles. No stacking. No cycling. Just results.

Claim your 90-Day Launch Kit now and get 50% off — plus 2 free gifts: a Testosterone Optimization Guide and portable travel tin.

Over 121,000+ men have already transformed their lives with this formula.

If you don’t feel stronger, sharper, and more energized in 90 days — you get every penny back. No questions asked.

👉 Reclaim your masculinity. Naturally. Click the link below."
"C016","Quiz funnel","quiz-v6","https://mengotomars.com/pages/quiz-v6","94284482","28","91","12","not_captured","ad_only_or_capture_gap","capture_gap","50% Off + Free Gifts 🚀","You eat clean. You train hard. You’re STILL tired and gaining weight. Here’s why.","Shop now","https://app.gethookd.ai/share/ad/94284482?signature=d0fd227d299593725875054a1f7e0d570a71b10d4757d3d7544ba43643117c25","mars-men-static-canonical-recipes-share/assets/remote/8309cb9d3c46-media-04d12875f2f3.jpg","1080","1080","The Natural And Effective Way To Increase Testosterone, Energy, Strength & Male Vitality – Mars Men","mars-men-static-canonical-recipes-share/index.html#ad-94284482","You eat clean. You train hard. You’re STILL tired and gaining weight. Here’s why.

If you’re over 35 and constantly tired, dragging through the day, or frustrated in the gym…

It’s not motivation or willpower.

It’s testosterone.

T levels start dropping around age 30. And that slow hormonal drain robs you of energy, drive, strength, confidence, and performance.

One day you wake up and wonder:

“What happened?”

Most guys try to fix it by doubling down on workouts… eating cleaner… drinking more coffee…

And when that doesn’t work?

They end up with a cabinet full of overpriced, under-dosed supplements. Or worse, they consider jumping on TRT.

Here’s the truth:

You don’t need needles, prescriptions, or a dozen bottles.

You need one clinically dosed stack that helps your body produce more testosterone, naturally.

That’s what Mars Men was built for.

It’s an all-in-one daily testosterone support formula with 8 powerhouse ingredients, including:

🌿 Tongkat Ali – Boosts drive, energy, and morning wood
🪨 Shilajit – Fuels stamina so you don’t crash mid-day
🛡️ Zinc – Keeps hormones balanced and focus sharp
⚙️ Boron – Frees up testosterone for more motivation
🌾 Fenugreek – Fires up libido and bedroom confidence
⚡ Taurine – Speeds recovery and sharpens mental focus
☀️💪 Vitamins D, K1 + K2 – Supports bones, mood, and daily energy

No BS. No fairy dust. Just full clinical doses your body can feel.

In a recent survey, men using Mars Men for 90 days reported:

✅ 91% increase in energy
✅ 87% felt stronger and more recovered
✅ 82% noticed improved vitality
✅ +60% testosterone boost (verified by bloodwork)

No needles. No stacking. No cycling. Just results.

Claim your 90-Day Launch Kit now and get 50% off — plus 2 free gifts: a Testosterone Optimization Guide and portable travel tin.

Over 121,000+ men have already transformed their lives with this formula.

If you don’t feel stronger, sharper, and more energized in 90 days — you get every penny back. No questions asked.

👉 Reclaim your masculinity. Naturally. Click the link below."
"C016","Quiz funnel","quiz-v6","https://mengotomars.com/pages/quiz-v6","94904005","87","91","8","not_captured","ad_only_or_capture_gap","capture_gap","50% Off + Free Gifts 🚀","You eat clean. You train hard. You’re STILL tired and gaining weight. Here’s why.","Shop now","https://app.gethookd.ai/share/ad/94904005?signature=23f9d3c3bf330fdd99b2e5f78aa2afebf682821202654ae19064f70153b506a5","mars-men-static-canonical-recipes-share/assets/remote/122c738c03f3-media-c218440d7d4d.jpg","1080","1080","The Natural And Effective Way To Increase Testosterone, Energy, Strength & Male Vitality – Mars Men","mars-men-static-canonical-recipes-share/index.html#ad-94904005","You eat clean. You train hard. You’re STILL tired and gaining weight. Here’s why.

If you’re over 35 and constantly tired, dragging through the day, or frustrated in the gym…

It’s not motivation or willpower.

It’s testosterone.

T levels start dropping around age 30. And that slow hormonal drain robs you of energy, drive, strength, confidence, and performance.

One day you wake up and wonder:

“What happened?”

Most guys try to fix it by doubling down on workouts… eating cleaner… drinking more coffee…

And when that doesn’t work?

They end up with a cabinet full of overpriced, under-dosed supplements. Or worse, they consider jumping on TRT.

Here’s the truth:

You don’t need needles, prescriptions, or a dozen bottles.

You need one clinically dosed stack that helps your body produce more testosterone, naturally.

That’s what Mars Men was built for.

It’s an all-in-one daily testosterone support formula with 8 powerhouse ingredients, including:

🌿 Tongkat Ali – Boosts drive, energy, and morning wood
🪨 Shilajit – Fuels stamina so you don’t crash mid-day
🛡️ Zinc – Keeps hormones balanced and focus sharp
⚙️ Boron – Frees up testosterone for more motivation
🌾 Fenugreek – Fires up libido and bedroom confidence
⚡ Taurine – Speeds recovery and sharpens mental focus
☀️💪 Vitamins D, K1 + K2 – Supports bones, mood, and daily energy

No BS. No fairy dust. Just full clinical doses your body can feel.

In a recent survey, men using Mars Men for 90 days reported:

✅ 91% increase in energy
✅ 87% felt stronger and more recovered
✅ 82% noticed improved vitality
✅ +60% testosterone boost (verified by bloodwork)

No needles. No stacking. No cycling. Just results.

Claim your 90-Day Launch Kit now and get 50% off — plus 2 free gifts: a Testosterone Optimization Guide and portable travel tin.

Over 121,000+ men have already transformed their lives with this formula.

If you don’t feel stronger, sharper, and more energized in 90 days — you get every penny back. No questions asked.

👉 Reclaim your masculinity. Naturally. Click the link below."
"C016","Quiz funnel","quiz-v6","https://mengotomars.com/pages/quiz-v6","94903676","91","91","8","not_captured","ad_only_or_capture_gap","capture_gap","50% Off + Free Gifts 🚀","You eat clean. You train hard. You’re STILL tired and gaining weight. Here’s why.","Shop now","https://app.gethookd.ai/share/ad/94903676?signature=51de51c62bf20bf8a4457d8c9d667882d531b9fe97e50160593a939e7e18c8ab","mars-men-static-canonical-recipes-share/assets/remote/dfad54f9a2c9-media-221d2208b289.jpg","1080","1080","The Natural And Effective Way To Increase Testosterone, Energy, Strength & Male Vitality – Mars Men","mars-men-static-canonical-recipes-share/index.html#ad-94903676","You eat clean. You train hard. You’re STILL tired and gaining weight. Here’s why.

If you’re over 35 and constantly tired, dragging through the day, or frustrated in the gym…

It’s not motivation or willpower.

It’s testosterone.

T levels start dropping around age 30. And that slow hormonal drain robs you of energy, drive, strength, confidence, and performance.

One day you wake up and wonder:

“What happened?”

Most guys try to fix it by doubling down on workouts… eating cleaner… drinking more coffee…

And when that doesn’t work?

They end up with a cabinet full of overpriced, under-dosed supplements. Or worse, they consider jumping on TRT.

Here’s the truth:

You don’t need needles, prescriptions, or a dozen bottles.

You need one clinically dosed stack that helps your body produce more testosterone, naturally.

That’s what Mars Men was built for.

It’s an all-in-one daily testosterone support formula with 8 powerhouse ingredients, including:

🌿 Tongkat Ali – Boosts drive, energy, and morning wood
🪨 Shilajit – Fuels stamina so you don’t crash mid-day
🛡️ Zinc – Keeps hormones balanced and focus sharp
⚙️ Boron – Frees up testosterone for more motivation
🌾 Fenugreek – Fires up libido and bedroom confidence
⚡ Taurine – Speeds recovery and sharpens mental focus
☀️💪 Vitamins D, K1 + K2 – Supports bones, mood, and daily energy

No BS. No fairy dust. Just full clinical doses your body can feel.

In a recent survey, men using Mars Men for 90 days reported:

✅ 91% increase in energy
✅ 87% felt stronger and more recovered
✅ 82% noticed improved vitality
✅ +60% testosterone boost (verified by bloodwork)

No needles. No stacking. No cycling. Just results.

Claim your 90-Day Launch Kit now and get 50% off — plus 2 free gifts: a Testosterone Optimization Guide and portable travel tin.

Over 121,000+ men have already transformed their lives with this formula.

If you don’t feel stronger, sharper, and more energized in 90 days — you get every penny back. No questions asked.

👉 Reclaim your masculinity. Naturally. Click the link below."
"C016","Quiz funnel","quiz-v6","https://mengotomars.com/pages/quiz-v6","94903334","102","91","8","not_captured","ad_only_or_capture_gap","capture_gap","50% Off + Free Gifts 🚀","You eat clean. You train hard. You’re STILL tired and gaining weight. Here’s why.","Shop now","https://app.gethookd.ai/share/ad/94903334?signature=6e9d4f739acd597521a1ff3dfa756273fab41691b869cc2cbb684cb144309f94","mars-men-static-canonical-recipes-share/assets/remote/fb28d4861e32-media-13afc447a657.jpg","1080","1080","The Natural And Effective Way To Increase Testosterone, Energy, Strength & Male Vitality – Mars Men","mars-men-static-canonical-recipes-share/index.html#ad-94903334","You eat clean. You train hard. You’re STILL tired and gaining weight. Here’s why.

If you’re over 35 and constantly tired, dragging through the day, or frustrated in the gym…

It’s not motivation or willpower.

It’s testosterone.

T levels start dropping around age 30. And that slow hormonal drain robs you of energy, drive, strength, confidence, and performance.

One day you wake up and wonder:

“What happened?”

Most guys try to fix it by doubling down on workouts… eating cleaner… drinking more coffee…

And when that doesn’t work?

They end up with a cabinet full of overpriced, under-dosed supplements. Or worse, they consider jumping on TRT.

Here’s the truth:

You don’t need needles, prescriptions, or a dozen bottles.

You need one clinically dosed stack that helps your body produce more testosterone, naturally.

That’s what Mars Men was built for.

It’s an all-in-one daily testosterone support formula with 8 powerhouse ingredients, including:

🌿 Tongkat Ali – Boosts drive, energy, and morning wood
🪨 Shilajit – Fuels stamina so you don’t crash mid-day
🛡️ Zinc – Keeps hormones balanced and focus sharp
⚙️ Boron – Frees up testosterone for more motivation
🌾 Fenugreek – Fires up libido and bedroom confidence
⚡ Taurine – Speeds recovery and sharpens mental focus
☀️💪 Vitamins D, K1 + K2 – Supports bones, mood, and daily energy

No BS. No fairy dust. Just full clinical doses your body can feel.

In a recent survey, men using Mars Men for 90 days reported:

✅ 91% increase in energy
✅ 87% felt stronger and more recovered
✅ 82% noticed improved vitality
✅ +60% testosterone boost (verified by bloodwork)

No needles. No stacking. No cycling. Just results.

Claim your 90-Day Launch Kit now and get 50% off — plus 2 free gifts: a Testosterone Optimization Guide and portable travel tin.

Over 121,000+ men have already transformed their lives with this formula.

If you don’t feel stronger, sharper, and more energized in 90 days — you get every penny back. No questions asked.

👉 Reclaim your masculinity. Naturally. Click the link below."
"C016","Quiz funnel","quiz-v6","https://mengotomars.com/pages/quiz-v6","95129874","119","61","7","not_captured","ad_only_or_capture_gap","capture_gap","50% Off + Free Gifts 🚀","You eat clean. You train hard. You’re STILL tired and gaining weight. Here’s why.","Shop now","https://app.gethookd.ai/share/ad/95129874?signature=b82158fcaee4a39844ddea0c1f1395878fd0207e1ef69410b36e2b8f0a9b5bbc","mars-men-static-canonical-recipes-share/assets/remote/e40c2c4ec934-media-94309dbf2d3f.jpg","1080","1080","The Natural And Effective Way To Increase Testosterone, Energy, Strength & Male Vitality – Mars Men","mars-men-static-canonical-recipes-share/index.html#ad-95129874","You eat clean. You train hard. You’re STILL tired and gaining weight. Here’s why.

If you’re over 35 and constantly tired, dragging through the day, or frustrated in the gym…

It’s not motivation or willpower.

It’s testosterone.

T levels start dropping around age 30. And that slow hormonal drain robs you of energy, drive, strength, confidence, and performance.

One day you wake up and wonder:

“What happened?”

Most guys try to fix it by doubling down on workouts… eating cleaner… drinking more coffee…

And when that doesn’t work?

They end up with a cabinet full of overpriced, under-dosed supplements. Or worse, they consider jumping on TRT.

Here’s the truth:

You don’t need needles, prescriptions, or a dozen bottles.

You need one clinically dosed stack that helps your body produce more testosterone, naturally.

That’s what Mars Men was built for.

It’s an all-in-one daily testosterone support formula with 8 powerhouse ingredients, including:

🌿 Tongkat Ali – Boosts drive, energy, and morning wood
🪨 Shilajit – Fuels stamina so you don’t crash mid-day
🛡️ Zinc – Keeps hormones balanced and focus sharp
⚙️ Boron – Frees up testosterone for more motivation
🌾 Fenugreek – Fires up libido and bedroom confidence
⚡ Taurine – Speeds recovery and sharpens mental focus
☀️💪 Vitamins D, K1 + K2 – Supports bones, mood, and daily energy

No BS. No fairy dust. Just full clinical doses your body can feel.

In a recent survey, men using Mars Men for 90 days reported:

✅ 91% increase in energy
✅ 87% felt stronger and more recovered
✅ 82% noticed improved vitality
✅ +60% testosterone boost (verified by bloodwork)

No needles. No stacking. No cycling. Just results.

Claim your 90-Day Launch Kit now and get 50% off — plus 2 free gifts: a Testosterone Optimization Guide and portable travel tin.

Over 121,000+ men have already transformed their lives with this formula.

If you don’t feel stronger, sharper, and more energized in 90 days — you get every penny back. No questions asked.

👉 Reclaim your masculinity. Naturally. Click the link below."
"C017","Quiz funnel","quiz-v6","https://mengotomars.com/pages/quiz-v6","94284473","30","91","12","not_captured","ad_only_or_capture_gap","capture_gap","50% Off — 90-Day Guarantee","429,576+ men didn't switch to Mars Men because of a slick ad.","See details","https://app.gethookd.ai/share/ad/94284473?signature=6d2db7bd2927c212c0a119ac7c596dd2facad6780866f039af8348df869f0738","mars-men-static-canonical-recipes-share/assets/remote/e82b83c0aa51-media-5ff217ccfc52.jpg","1080","1350","The Natural And Effective Way To Increase Testosterone, Energy, Strength & Male Vitality – Mars Men","mars-men-static-canonical-recipes-share/index.html#ad-94284473","429,576+ men didn't switch to Mars Men because of a slick ad.

They switched because their bloodwork changed.

One man's doctor told him nothing natural would work. Sixty days later, that same doctor was staring at lab results he couldn't explain. Another guy tried 10 different supplements — spent hundreds — before finding the one his bloodwork actually responded to. His words: ""The bloodwork doesn't lie.""

Then there's the guy who QUIT TRT for Mars Men and came back with higher numbers than he ever had on testosterone replacement therapy. Or the 52-year-old who lost 30 pounds and says his wife can't keep her hands off him.

These aren't cherry-picked outliers. In a survey of over 1,000 customers:

→ 91% reported higher energy in 90 days

→ 87% reported increased strength

→ 82% reported improved male vitality

The formula: 8 clinically-dosed ingredients targeting testosterone from three angles — make more (Shilajit, Zinc, D3), keep more (Tongkat Ali, Boron, Fenugreek), and protect what you've got (Taurine).

Every batch third-party tested. cGMP certified. Made in the USA.

50% off. Plus a 90-day money-back guarantee. No risk. Just results or a full refund."
"C017","Quiz funnel","quiz-v6","https://mengotomars.com/pages/quiz-v6","94284416","33","91","12","not_captured","ad_only_or_capture_gap","capture_gap","50% Off — 90-Day Guarantee","429,576+ men didn't switch to Mars Men because of a slick ad.","See details","https://app.gethookd.ai/share/ad/94284416?signature=0c4b8b899052cf3de7ea2490e2c2575d39c15ff1a2f5881a0a6dd114942fac58","mars-men-static-canonical-recipes-share/assets/remote/e82b83c0aa51-media-5ff217ccfc52.jpg","1080","1350","The Natural And Effective Way To Increase Testosterone, Energy, Strength & Male Vitality – Mars Men","mars-men-static-canonical-recipes-share/index.html#ad-94284416","429,576+ men didn't switch to Mars Men because of a slick ad.

They switched because their bloodwork changed.

One man's doctor told him nothing natural would work. Sixty days later, that same doctor was staring at lab results he couldn't explain. Another guy tried 10 different supplements — spent hundreds — before finding the one his bloodwork actually responded to. His words: ""The bloodwork doesn't lie.""

Then there's the guy who QUIT TRT for Mars Men and came back with higher numbers than he ever had on testosterone replacement therapy. Or the 52-year-old who lost 30 pounds and says his wife can't keep her hands off him.

These aren't cherry-picked outliers. In a survey of over 1,000 customers:

→ 91% reported higher energy in 90 days

→ 87% reported increased strength

→ 82% reported improved male vitality

The formula: 8 clinically-dosed ingredients targeting testosterone from three angles — make more (Shilajit, Zinc, D3), keep more (Tongkat Ali, Boron, Fenugreek), and protect what you've got (Taurine).

Every batch third-party tested. cGMP certified. Made in the USA.

50% off. Plus a 90-day money-back guarantee. No risk. Just results or a full refund."
"C017","Quiz funnel","quiz-v6","https://mengotomars.com/pages/quiz-v6","94903490","53","91","11","not_captured","ad_only_or_capture_gap","capture_gap","50% Off — 90-Day Guarantee","429,576+ men didn't switch to Mars Men because of a slick ad.","See details","https://app.gethookd.ai/share/ad/94903490?signature=3d0bfe693bc30116fd76a4ac73a11c1c43a7dc442b2dd942278bf3edff81b1bc","mars-men-static-canonical-recipes-share/assets/remote/e82b83c0aa51-media-5ff217ccfc52.jpg","1080","1350","The Natural And Effective Way To Increase Testosterone, Energy, Strength & Male Vitality – Mars Men","mars-men-static-canonical-recipes-share/index.html#ad-94903490","429,576+ men didn't switch to Mars Men because of a slick ad.

They switched because their bloodwork changed.

One man's doctor told him nothing natural would work. Sixty days later, that same doctor was staring at lab results he couldn't explain. Another guy tried 10 different supplements — spent hundreds — before finding the one his bloodwork actually responded to. His words: ""The bloodwork doesn't lie.""

Then there's the guy who QUIT TRT for Mars Men and came back with higher numbers than he ever had on testosterone replacement therapy. Or the 52-year-old who lost 30 pounds and says his wife can't keep her hands off him.

These aren't cherry-picked outliers. In a survey of over 1,000 customers:

→ 91% reported higher energy in 90 days

→ 87% reported increased strength

→ 82% reported improved male vitality

The formula: 8 clinically-dosed ingredients targeting testosterone from three angles — make more (Shilajit, Zinc, D3), keep more (Tongkat Ali, Boron, Fenugreek), and protect what you've got (Taurine).

Every batch third-party tested. cGMP certified. Made in the USA.

50% off. Plus a 90-day money-back guarantee. No risk. Just results or a full refund."
"C017","Quiz funnel","quiz-v6","https://mengotomars.com/pages/quiz-v6","94284913","55","91","11","not_captured","ad_only_or_capture_gap","capture_gap","50% Off — 90-Day Guarantee","429,576+ men didn't switch to Mars Men because of a slick ad.","See details","https://app.gethookd.ai/share/ad/94284913?signature=892392ae1cbe2d566b82b292a0e338e5668443c6f6b86d89ade933797ddd2744","mars-men-static-canonical-recipes-share/assets/remote/e82b83c0aa51-media-5ff217ccfc52.jpg","1080","1350","The Natural And Effective Way To Increase Testosterone, Energy, Strength & Male Vitality – Mars Men","mars-men-static-canonical-recipes-share/index.html#ad-94284913","429,576+ men didn't switch to Mars Men because of a slick ad.

They switched because their bloodwork changed.

One man's doctor told him nothing natural would work. Sixty days later, that same doctor was staring at lab results he couldn't explain. Another guy tried 10 different supplements — spent hundreds — before finding the one his bloodwork actually responded to. His words: ""The bloodwork doesn't lie.""

Then there's the guy who QUIT TRT for Mars Men and came back with higher numbers than he ever had on testosterone replacement therapy. Or the 52-year-old who lost 30 pounds and says his wife can't keep her hands off him.

These aren't cherry-picked outliers. In a survey of over 1,000 customers:

→ 91% reported higher energy in 90 days

→ 87% reported increased strength

→ 82% reported improved male vitality

The formula: 8 clinically-dosed ingredients targeting testosterone from three angles — make more (Shilajit, Zinc, D3), keep more (Tongkat Ali, Boron, Fenugreek), and protect what you've got (Taurine).

Every batch third-party tested. cGMP certified. Made in the USA.

50% off. Plus a 90-day money-back guarantee. No risk. Just results or a full refund."
"C017","Quiz funnel","quiz-v6","https://mengotomars.com/pages/quiz-v6","94284899","56","91","11","not_captured","ad_only_or_capture_gap","capture_gap","50% Off — 90-Day Guarantee","429,576+ men didn't switch to Mars Men because of a slick ad.","See details","https://app.gethookd.ai/share/ad/94284899?signature=aee43b5cd8b507fd9eed0c5268b78f7ad5705ef7ca8de1745dbb4d0bb1143572","mars-men-static-canonical-recipes-share/assets/remote/e82b83c0aa51-media-5ff217ccfc52.jpg","1080","1350","The Natural And Effective Way To Increase Testosterone, Energy, Strength & Male Vitality – Mars Men","mars-men-static-canonical-recipes-share/index.html#ad-94284899","429,576+ men didn't switch to Mars Men because of a slick ad.

They switched because their bloodwork changed.

One man's doctor told him nothing natural would work. Sixty days later, that same doctor was staring at lab results he couldn't explain. Another guy tried 10 different supplements — spent hundreds — before finding the one his bloodwork actually responded to. His words: ""The bloodwork doesn't lie.""

Then there's the guy who QUIT TRT for Mars Men and came back with higher numbers than he ever had on testosterone replacement therapy. Or the 52-year-old who lost 30 pounds and says his wife can't keep her hands off him.

These aren't cherry-picked outliers. In a survey of over 1,000 customers:

→ 91% reported higher energy in 90 days

→ 87% reported increased strength

→ 82% reported improved male vitality

The formula: 8 clinically-dosed ingredients targeting testosterone from three angles — make more (Shilajit, Zinc, D3), keep more (Tongkat Ali, Boron, Fenugreek), and protect what you've got (Taurine).

Every batch third-party tested. cGMP certified. Made in the USA.

50% off. Plus a 90-day money-back guarantee. No risk. Just results or a full refund."
"C017","Quiz funnel","quiz-v6","https://mengotomars.com/pages/quiz-v6","94284649","57","91","11","not_captured","ad_only_or_capture_gap","capture_gap","50% Off — 90-Day Guarantee","429,576+ men didn't switch to Mars Men because of a slick ad.","See details","https://app.gethookd.ai/share/ad/94284649?signature=8bec287836ce28ee35cfdc6c03f6c76ed7ede2c8dd2adf2254c823d5b3e1d21e","mars-men-static-canonical-recipes-share/assets/remote/e82b83c0aa51-media-5ff217ccfc52.jpg","1080","1350","The Natural And Effective Way To Increase Testosterone, Energy, Strength & Male Vitality – Mars Men","mars-men-static-canonical-recipes-share/index.html#ad-94284649","429,576+ men didn't switch to Mars Men because of a slick ad.

They switched because their bloodwork changed.

One man's doctor told him nothing natural would work. Sixty days later, that same doctor was staring at lab results he couldn't explain. Another guy tried 10 different supplements — spent hundreds — before finding the one his bloodwork actually responded to. His words: ""The bloodwork doesn't lie.""

Then there's the guy who QUIT TRT for Mars Men and came back with higher numbers than he ever had on testosterone replacement therapy. Or the 52-year-old who lost 30 pounds and says his wife can't keep her hands off him.

These aren't cherry-picked outliers. In a survey of over 1,000 customers:

→ 91% reported higher energy in 90 days

→ 87% reported increased strength

→ 82% reported improved male vitality

The formula: 8 clinically-dosed ingredients targeting testosterone from three angles — make more (Shilajit, Zinc, D3), keep more (Tongkat Ali, Boron, Fenugreek), and protect what you've got (Taurine).

Every batch third-party tested. cGMP certified. Made in the USA.

50% off. Plus a 90-day money-back guarantee. No risk. Just results or a full refund."
"C018","Quiz funnel","quiz-v6","https://mengotomars.com/pages/quiz-v6","94903516","11","91","12","not_captured","ad_only_or_capture_gap","capture_gap","50% Off — 90-Day Guarantee","429,576+ men didn't switch to Mars Men because of a slick ad.","Shop now","https://app.gethookd.ai/share/ad/94903516?signature=e073428c9ba772d8f5c96aafc82d2145a1185d160e33e172b919276fa43b716a","mars-men-static-canonical-recipes-share/assets/remote/99968e21b82d-media-3a1928e80dbe.jpg","1080","1920","The Natural And Effective Way To Increase Testosterone, Energy, Strength & Male Vitality – Mars Men","mars-men-static-canonical-recipes-share/index.html#ad-94903516","429,576+ men didn't switch to Mars Men because of a slick ad.

They switched because their bloodwork changed.

One man's doctor told him nothing natural would work. Sixty days later, that same doctor was staring at lab results he couldn't explain. Another guy tried 10 different supplements — spent hundreds — before finding the one his bloodwork actually responded to. His words: ""The bloodwork doesn't lie.""

Then there's the guy who QUIT TRT for Mars Men and came back with higher numbers than he ever had on testosterone replacement therapy. Or the 52-year-old who lost 30 pounds and says his wife can't keep her hands off him.

These aren't cherry-picked outliers. In a survey of over 1,000 customers:

→ 91% reported higher energy in 90 days

→ 87% reported increased strength

→ 82% reported improved male vitality

The formula: 8 clinically-dosed ingredients targeting testosterone from three angles — make more (Shilajit, Zinc, D3), keep more (Tongkat Ali, Boron, Fenugreek), and protect what you've got (Taurine).

Every batch third-party tested. cGMP certified. Made in the USA.

50% off. Plus a 90-day money-back guarantee. No risk. Just results or a full refund."
"C018","Quiz funnel","quiz-v6","https://mengotomars.com/pages/quiz-v6","94284425","32","91","12","not_captured","ad_only_or_capture_gap","capture_gap","50% Off — 90-Day Guarantee","429,576+ men didn't switch to Mars Men because of a slick ad.","Shop now","https://app.gethookd.ai/share/ad/94284425?signature=3087e1ea06a208a778e6667fde7e383f9947252386dfa5e6e9e4296e4b57d249","mars-men-static-canonical-recipes-share/assets/remote/8464043de1a7-media-f6b029765f75.jpg","1080","1920","The Natural And Effective Way To Increase Testosterone, Energy, Strength & Male Vitality – Mars Men","mars-men-static-canonical-recipes-share/index.html#ad-94284425","429,576+ men didn't switch to Mars Men because of a slick ad.

They switched because their bloodwork changed.

One man's doctor told him nothing natural would work. Sixty days later, that same doctor was staring at lab results he couldn't explain. Another guy tried 10 different supplements — spent hundreds — before finding the one his bloodwork actually responded to. His words: ""The bloodwork doesn't lie.""

Then there's the guy who QUIT TRT for Mars Men and came back with higher numbers than he ever had on testosterone replacement therapy. Or the 52-year-old who lost 30 pounds and says his wife can't keep her hands off him.

These aren't cherry-picked outliers. In a survey of over 1,000 customers:

→ 91% reported higher energy in 90 days

→ 87% reported increased strength

→ 82% reported improved male vitality

The formula: 8 clinically-dosed ingredients targeting testosterone from three angles — make more (Shilajit, Zinc, D3), keep more (Tongkat Ali, Boron, Fenugreek), and protect what you've got (Taurine).

Every batch third-party tested. cGMP certified. Made in the USA.

50% off. Plus a 90-day money-back guarantee. No risk. Just results or a full refund."
"C018","Quiz funnel","quiz-v6","https://mengotomars.com/pages/quiz-v6","94903408","96","91","8","not_captured","ad_only_or_capture_gap","capture_gap","50% Off — 90-Day Guarantee","429,576+ men didn't switch to Mars Men because of a slick ad.","Shop now","https://app.gethookd.ai/share/ad/94903408?signature=55e53a60caaffcd708497ff3df48e1f9c5a491f9abef05148f071022a6d992be","mars-men-static-canonical-recipes-share/assets/remote/661c42b184db-media-5ab71c27ebb2.jpg","1080","1920","The Natural And Effective Way To Increase Testosterone, Energy, Strength & Male Vitality – Mars Men","mars-men-static-canonical-recipes-share/index.html#ad-94903408","429,576+ men didn't switch to Mars Men because of a slick ad.

They switched because their bloodwork changed.

One man's doctor told him nothing natural would work. Sixty days later, that same doctor was staring at lab results he couldn't explain. Another guy tried 10 different supplements — spent hundreds — before finding the one his bloodwork actually responded to. His words: ""The bloodwork doesn't lie.""

Then there's the guy who QUIT TRT for Mars Men and came back with higher numbers than he ever had on testosterone replacement therapy. Or the 52-year-old who lost 30 pounds and says his wife can't keep her hands off him.

These aren't cherry-picked outliers. In a survey of over 1,000 customers:

→ 91% reported higher energy in 90 days

→ 87% reported increased strength

→ 82% reported improved male vitality

The formula: 8 clinically-dosed ingredients targeting testosterone from three angles — make more (Shilajit, Zinc, D3), keep more (Tongkat Ali, Boron, Fenugreek), and protect what you've got (Taurine).

Every batch third-party tested. cGMP certified. Made in the USA.

50% off. Plus a 90-day money-back guarantee. No risk. Just results or a full refund."
"C018","Quiz funnel","quiz-v6","https://mengotomars.com/pages/quiz-v6","96362519","112","81","8","not_captured","ad_only_or_capture_gap","capture_gap","50% Off — 90-Day Guarantee","429,576+ men didn't switch to Mars Men because of a slick ad.","Shop now","https://app.gethookd.ai/share/ad/96362519?signature=bdf59c59a78b1f2f0c09547b6a475536281868bb66a5dfdd763525655cf8db38","mars-men-static-canonical-recipes-share/assets/remote/75eaac9c9194-media-fd950fdc084d.jpg","1080","1920","The Natural And Effective Way To Increase Testosterone, Energy, Strength & Male Vitality – Mars Men","mars-men-static-canonical-recipes-share/index.html#ad-96362519","429,576+ men didn't switch to Mars Men because of a slick ad.

They switched because their bloodwork changed.

One man's doctor told him nothing natural would work. Sixty days later, that same doctor was staring at lab results he couldn't explain. Another guy tried 10 different supplements — spent hundreds — before finding the one his bloodwork actually responded to. His words: ""The bloodwork doesn't lie.""

Then there's the guy who QUIT TRT for Mars Men and came back with higher numbers than he ever had on testosterone replacement therapy. Or the 52-year-old who lost 30 pounds and says his wife can't keep her hands off him.

These aren't cherry-picked outliers. In a survey of over 1,000 customers:

→ 91% reported higher energy in 90 days

→ 87% reported increased strength

→ 82% reported improved male vitality

The formula: 8 clinically-dosed ingredients targeting testosterone from three angles — make more (Shilajit, Zinc, D3), keep more (Tongkat Ali, Boron, Fenugreek), and protect what you've got (Taurine).

Every batch third-party tested. cGMP certified. Made in the USA.

50% off. Plus a 90-day money-back guarantee. No risk. Just results or a full refund."
"C019","Quiz funnel","quiz-v6","https://mengotomars.com/pages/quiz-v6","94903485","13","91","12","not_captured","ad_only_or_capture_gap","capture_gap","Stop Losing T. Start Today.","Your testosterone is dropping right now. And it's not ""just getting older.""","Shop now","https://app.gethookd.ai/share/ad/94903485?signature=e50976ba7fc6418481aabb5b3c9f874ade004439ad42f9ba4e78a75573ed6fce","mars-men-static-canonical-recipes-share/assets/remote/f8c1502ad727-media-a22273679195.jpg","1080","1920","The Natural And Effective Way To Increase Testosterone, Energy, Strength & Male Vitality – Mars Men","mars-men-static-canonical-recipes-share/index.html#ad-94903485","Your testosterone is dropping right now. And it's not ""just getting older.""

Every single month you put off doing something about it, your body converts more of your remaining T into estrogen.

Your SHBG locks up what's left. And cortisol — from stress, bad sleep, and modern life — tanks production at the source.

That brain fog at 2pm?

The gut that won't budge no matter what you eat?

The fact that you'd rather scroll your phone than do anything with your evening?

That's not laziness. That's a hormone problem. And it compounds the longer you wait.

Mars Men was built to fight all three thieves simultaneously.

Tongkat Ali blocks the enzyme that converts your T to estrogen and drives cortisol down.

Boron lowers SHBG so your body can actually use the testosterone it makes.

And the full 8-ingredient stack works across three pathways — making more T, keeping what you've got, and protecting the cells that produce it.

91% of men reported higher energy within 90 days in a survey of over 1,000 customers. Not a vague ""maybe I feel something."" Real, noticeable energy.

Right now it's 50% off — plus free gifts and free shipping. Every bottle is backed by a 90-day Higher-T Guarantee.

If you don't feel the difference, you get every cent back.

But here's the thing — your T isn't going to fix itself while you ""think about it."""
"C019","Quiz funnel","quiz-v6","https://mengotomars.com/pages/quiz-v6","94284394","36","91","12","not_captured","ad_only_or_capture_gap","capture_gap","Stop Losing T. Start Today.","Your testosterone is dropping right now. And it's not ""just getting older.""","Shop now","https://app.gethookd.ai/share/ad/94284394?signature=dd47aafa4f62e4d970d6192aeec5cb5b5a8eb57a5f730941eae75d4f631ffa9e","mars-men-static-canonical-recipes-share/assets/remote/f8c1502ad727-media-a22273679195.jpg","1080","1920","The Natural And Effective Way To Increase Testosterone, Energy, Strength & Male Vitality – Mars Men","mars-men-static-canonical-recipes-share/index.html#ad-94284394","Your testosterone is dropping right now. And it's not ""just getting older.""

Every single month you put off doing something about it, your body converts more of your remaining T into estrogen.

Your SHBG locks up what's left. And cortisol — from stress, bad sleep, and modern life — tanks production at the source.

That brain fog at 2pm?

The gut that won't budge no matter what you eat?

The fact that you'd rather scroll your phone than do anything with your evening?

That's not laziness. That's a hormone problem. And it compounds the longer you wait.

Mars Men was built to fight all three thieves simultaneously.

Tongkat Ali blocks the enzyme that converts your T to estrogen and drives cortisol down.

Boron lowers SHBG so your body can actually use the testosterone it makes.

And the full 8-ingredient stack works across three pathways — making more T, keeping what you've got, and protecting the cells that produce it.

91% of men reported higher energy within 90 days in a survey of over 1,000 customers. Not a vague ""maybe I feel something."" Real, noticeable energy.

Right now it's 50% off — plus free gifts and free shipping. Every bottle is backed by a 90-day Higher-T Guarantee.

If you don't feel the difference, you get every cent back.

But here's the thing — your T isn't going to fix itself while you ""think about it."""
"C019","Quiz funnel","quiz-v6","https://mengotomars.com/pages/quiz-v6","95130056","105","91","7","not_captured","ad_only_or_capture_gap","capture_gap","Stop Losing T. Start Today.","Your testosterone is dropping right now. And it's not ""just getting older.""","Shop now","https://app.gethookd.ai/share/ad/95130056?signature=fc55e6febed94aa60276d8a9a336dc6531c556fc679b61f2acf142e84eb4295a","mars-men-static-canonical-recipes-share/assets/remote/f8c1502ad727-media-a22273679195.jpg","1080","1920","The Natural And Effective Way To Increase Testosterone, Energy, Strength & Male Vitality – Mars Men","mars-men-static-canonical-recipes-share/index.html#ad-95130056","Your testosterone is dropping right now. And it's not ""just getting older.""

Every single month you put off doing something about it, your body converts more of your remaining T into estrogen.

Your SHBG locks up what's left. And cortisol — from stress, bad sleep, and modern life — tanks production at the source.

That brain fog at 2pm?

The gut that won't budge no matter what you eat?

The fact that you'd rather scroll your phone than do anything with your evening?

That's not laziness. That's a hormone problem. And it compounds the longer you wait.

Mars Men was built to fight all three thieves simultaneously.

Tongkat Ali blocks the enzyme that converts your T to estrogen and drives cortisol down.

Boron lowers SHBG so your body can actually use the testosterone it makes.

And the full 8-ingredient stack works across three pathways — making more T, keeping what you've got, and protecting the cells that produce it.

91% of men reported higher energy within 90 days in a survey of over 1,000 customers. Not a vague ""maybe I feel something."" Real, noticeable energy.

Right now it's 50% off — plus free gifts and free shipping. Every bottle is backed by a 90-day Higher-T Guarantee.

If you don't feel the difference, you get every cent back.

But here's the thing — your T isn't going to fix itself while you ""think about it."""
"C019","Quiz funnel","quiz-v6","https://mengotomars.com/pages/quiz-v6","95129919","108","91","7","not_captured","ad_only_or_capture_gap","capture_gap","Stop Losing T. Start Today.","Your testosterone is dropping right now. And it's not ""just getting older.""","Shop now","https://app.gethookd.ai/share/ad/95129919?signature=f2a634d74104954a4dd52bd1c24c74836821013b9420c7fe74e045f57905bd79","mars-men-static-canonical-recipes-share/assets/remote/b0060cc732eb-media-2356bd62138f.jpg","1080","1920","The Natural And Effective Way To Increase Testosterone, Energy, Strength & Male Vitality – Mars Men","mars-men-static-canonical-recipes-share/index.html#ad-95129919","Your testosterone is dropping right now. And it's not ""just getting older.""

Every single month you put off doing something about it, your body converts more of your remaining T into estrogen.

Your SHBG locks up what's left. And cortisol — from stress, bad sleep, and modern life — tanks production at the source.

That brain fog at 2pm?

The gut that won't budge no matter what you eat?

The fact that you'd rather scroll your phone than do anything with your evening?

That's not laziness. That's a hormone problem. And it compounds the longer you wait.

Mars Men was built to fight all three thieves simultaneously.

Tongkat Ali blocks the enzyme that converts your T to estrogen and drives cortisol down.

Boron lowers SHBG so your body can actually use the testosterone it makes.

And the full 8-ingredient stack works across three pathways — making more T, keeping what you've got, and protecting the cells that produce it.

91% of men reported higher energy within 90 days in a survey of over 1,000 customers. Not a vague ""maybe I feel something."" Real, noticeable energy.

Right now it's 50% off — plus free gifts and free shipping. Every bottle is backed by a 90-day Higher-T Guarantee.

If you don't feel the difference, you get every cent back.

But here's the thing — your T isn't going to fix itself while you ""think about it."""
"C020","Quiz funnel","quiz-v6","https://mengotomars.com/pages/quiz-v6","94284399","35","91","12","not_captured","ad_only_or_capture_gap","capture_gap","Stop Losing T. Start Today.","Your testosterone is dropping right now. And it's not ""just getting older.""","Shop now","https://app.gethookd.ai/share/ad/94284399?signature=7e42af1aca8df719fa021ac7ea3551a0a9e0442648db043cb157ff59d96021f7","mars-men-static-canonical-recipes-share/assets/remote/212a134b0db2-media-a346103f01a8.jpg","1080","1920","The Natural And Effective Way To Increase Testosterone, Energy, Strength & Male Vitality – Mars Men","mars-men-static-canonical-recipes-share/index.html#ad-94284399","Your testosterone is dropping right now. And it's not ""just getting older.""

Every single month you put off doing something about it, your body converts more of your remaining T into estrogen.

Your SHBG locks up what's left. And cortisol — from stress, bad sleep, and modern life — tanks production at the source.

That brain fog at 2pm?

The gut that won't budge no matter what you eat?

The fact that you'd rather scroll your phone than do anything with your evening?

That's not laziness. That's a hormone problem. And it compounds the longer you wait.

Mars Men was built to fight all three thieves simultaneously.

Tongkat Ali blocks the enzyme that converts your T to estrogen and drives cortisol down.

Boron lowers SHBG so your body can actually use the testosterone it makes.

And the full 8-ingredient stack works across three pathways — making more T, keeping what you've got, and protecting the cells that produce it.

91% of men reported higher energy within 90 days in a survey of over 1,000 customers. Not a vague ""maybe I feel something."" Real, noticeable energy.

Right now it's 50% off — plus free gifts and free shipping. Every bottle is backed by a 90-day Higher-T Guarantee.

If you don't feel the difference, you get every cent back.

But here's the thing — your T isn't going to fix itself while you ""think about it."""
"C020","Quiz funnel","quiz-v6","https://mengotomars.com/pages/quiz-v6","94284351","39","91","12","not_captured","ad_only_or_capture_gap","capture_gap","Stop Losing T. Start Today.","Your testosterone is dropping right now. And it's not ""just getting older.""","Shop now","https://app.gethookd.ai/share/ad/94284351?signature=b8064e6c494e170d2e223da891ba2d8a103e1f17fff0c7331e5257663b8074cd","mars-men-static-canonical-recipes-share/assets/remote/212a134b0db2-media-a346103f01a8.jpg","1080","1920","The Natural And Effective Way To Increase Testosterone, Energy, Strength & Male Vitality – Mars Men","mars-men-static-canonical-recipes-share/index.html#ad-94284351","Your testosterone is dropping right now. And it's not ""just getting older.""

Every single month you put off doing something about it, your body converts more of your remaining T into estrogen.

Your SHBG locks up what's left. And cortisol — from stress, bad sleep, and modern life — tanks production at the source.

That brain fog at 2pm?

The gut that won't budge no matter what you eat?

The fact that you'd rather scroll your phone than do anything with your evening?

That's not laziness. That's a hormone problem. And it compounds the longer you wait.

Mars Men was built to fight all three thieves simultaneously.

Tongkat Ali blocks the enzyme that converts your T to estrogen and drives cortisol down.

Boron lowers SHBG so your body can actually use the testosterone it makes.

And the full 8-ingredient stack works across three pathways — making more T, keeping what you've got, and protecting the cells that produce it.

91% of men reported higher energy within 90 days in a survey of over 1,000 customers. Not a vague ""maybe I feel something."" Real, noticeable energy.

Right now it's 50% off — plus free gifts and free shipping. Every bottle is backed by a 90-day Higher-T Guarantee.

If you don't feel the difference, you get every cent back.

But here's the thing — your T isn't going to fix itself while you ""think about it."""
"C020","Quiz funnel","quiz-v6","https://mengotomars.com/pages/quiz-v6","95129899","109","91","7","not_captured","ad_only_or_capture_gap","capture_gap","Stop Losing T. Start Today.","Your testosterone is dropping right now. And it's not ""just getting older.""","Shop now","https://app.gethookd.ai/share/ad/95129899?signature=2e50d65f56a7decf596c177bf1fc3510e762ff07b5fc8500a77278079951066a","mars-men-static-canonical-recipes-share/assets/remote/212a134b0db2-media-a346103f01a8.jpg","1080","1920","The Natural And Effective Way To Increase Testosterone, Energy, Strength & Male Vitality – Mars Men","mars-men-static-canonical-recipes-share/index.html#ad-95129899","Your testosterone is dropping right now. And it's not ""just getting older.""

Every single month you put off doing something about it, your body converts more of your remaining T into estrogen.

Your SHBG locks up what's left. And cortisol — from stress, bad sleep, and modern life — tanks production at the source.

That brain fog at 2pm?

The gut that won't budge no matter what you eat?

The fact that you'd rather scroll your phone than do anything with your evening?

That's not laziness. That's a hormone problem. And it compounds the longer you wait.

Mars Men was built to fight all three thieves simultaneously.

Tongkat Ali blocks the enzyme that converts your T to estrogen and drives cortisol down.

Boron lowers SHBG so your body can actually use the testosterone it makes.

And the full 8-ingredient stack works across three pathways — making more T, keeping what you've got, and protecting the cells that produce it.

91% of men reported higher energy within 90 days in a survey of over 1,000 customers. Not a vague ""maybe I feel something."" Real, noticeable energy.

Right now it's 50% off — plus free gifts and free shipping. Every bottle is backed by a 90-day Higher-T Guarantee.

If you don't feel the difference, you get every cent back.

But here's the thing — your T isn't going to fix itself while you ""think about it."""
"C020","Quiz funnel","quiz-v6","https://mengotomars.com/pages/quiz-v6","95129849","110","91","7","not_captured","ad_only_or_capture_gap","capture_gap","Stop Losing T. Start Today.","Your testosterone is dropping right now. And it's not ""just getting older.""","Shop now","https://app.gethookd.ai/share/ad/95129849?signature=4589f54ddcb099cae0d267080db689f2e5dbc30f371b594aca2489c3fb93bc99","mars-men-static-canonical-recipes-share/assets/remote/212a134b0db2-media-a346103f01a8.jpg","1080","1920","The Natural And Effective Way To Increase Testosterone, Energy, Strength & Male Vitality – Mars Men","mars-men-static-canonical-recipes-share/index.html#ad-95129849","Your testosterone is dropping right now. And it's not ""just getting older.""

Every single month you put off doing something about it, your body converts more of your remaining T into estrogen.

Your SHBG locks up what's left. And cortisol — from stress, bad sleep, and modern life — tanks production at the source.

That brain fog at 2pm?

The gut that won't budge no matter what you eat?

The fact that you'd rather scroll your phone than do anything with your evening?

That's not laziness. That's a hormone problem. And it compounds the longer you wait.

Mars Men was built to fight all three thieves simultaneously.

Tongkat Ali blocks the enzyme that converts your T to estrogen and drives cortisol down.

Boron lowers SHBG so your body can actually use the testosterone it makes.

And the full 8-ingredient stack works across three pathways — making more T, keeping what you've got, and protecting the cells that produce it.

91% of men reported higher energy within 90 days in a survey of over 1,000 customers. Not a vague ""maybe I feel something."" Real, noticeable energy.

Right now it's 50% off — plus free gifts and free shipping. Every bottle is backed by a 90-day Higher-T Guarantee.

If you don't feel the difference, you get every cent back.

But here's the thing — your T isn't going to fix itself while you ""think about it."""
"C021","Quiz funnel","quiz-v6","https://mengotomars.com/pages/quiz-v6","94903773","90","91","8","not_captured","ad_only_or_capture_gap","capture_gap","90-Day Guarantee Because We Know It Works.","Your grandfather had more testosterone at 60 than you do at 35.","Shop now","https://app.gethookd.ai/share/ad/94903773?signature=be943bbc1970763083e4b3b893879da0b8751a75e96999e64441f23e63cda721","mars-men-static-canonical-recipes-share/assets/remote/32cf92e6a2c7-media-c933df4e7cd2.jpg","1080","1080","The Natural And Effective Way To Increase Testosterone, Energy, Strength & Male Vitality – Mars Men","mars-men-static-canonical-recipes-share/index.html#ad-94903773","Your grandfather had more testosterone at 60 than you do at 35.

He didn't have:
❌ Plastics leaching estrogen into his water
❌ Seed oils in everything he ate
❌ Blue light frying his hormones at 11pm

You're not weak. You're poisoned.

Mars Men was built to fight back.
💪 Tongkat Ali blocks the enzyme stealing your T
💪 Boron frees up testosterone that's locked away
💪 Shilajit grows more T-producing cells in your balls

No dirt powders. No cheap fillers. No fairy dust.

Just the 8 ingredients designed to support your T production from every angle.

50% off your first month. 90-day guarantee.

Stop blaming yourself. Start fighting back."
"C021","Quiz funnel","quiz-v6","https://mengotomars.com/pages/quiz-v6","94903614","92","91","8","not_captured","ad_only_or_capture_gap","capture_gap","90-Day Guarantee Because We Know It Works.","Your grandfather had more testosterone at 60 than you do at 35.","Shop now","https://app.gethookd.ai/share/ad/94903614?signature=390ab2ab51334d817a51643a45efb1596448cfdf70470ff5ed8d85322912768f","mars-men-static-canonical-recipes-share/assets/remote/fdc635ae72e5-media-4b0c919023d0.jpg","1080","1080","The Natural And Effective Way To Increase Testosterone, Energy, Strength & Male Vitality – Mars Men","mars-men-static-canonical-recipes-share/index.html#ad-94903614","Your grandfather had more testosterone at 60 than you do at 35.

He didn't have:
❌ Plastics leaching estrogen into his water
❌ Seed oils in everything he ate
❌ Blue light frying his hormones at 11pm

You're not weak. You're poisoned.

Mars Men was built to fight back.
💪 Tongkat Ali blocks the enzyme stealing your T
💪 Boron frees up testosterone that's locked away
💪 Shilajit grows more T-producing cells in your balls

No dirt powders. No cheap fillers. No fairy dust.

Just the 8 ingredients designed to support your T production from every angle.

50% off your first month. 90-day guarantee.

Stop blaming yourself. Start fighting back."
"C021","Quiz funnel","quiz-v6","https://mengotomars.com/pages/quiz-v6","94903320","104","91","8","not_captured","ad_only_or_capture_gap","capture_gap","90-Day Guarantee Because We Know It Works.","Your grandfather had more testosterone at 60 than you do at 35.","Shop now","https://app.gethookd.ai/share/ad/94903320?signature=6a1000c80f782174978cb22c7d989edbc258ff2f6fd7bbf6582eadbb3f05a38d","mars-men-static-canonical-recipes-share/assets/remote/3bdf727cdeae-media-755b5730c293.jpg","1080","1080","The Natural And Effective Way To Increase Testosterone, Energy, Strength & Male Vitality – Mars Men","mars-men-static-canonical-recipes-share/index.html#ad-94903320","Your grandfather had more testosterone at 60 than you do at 35.

He didn't have:
❌ Plastics leaching estrogen into his water
❌ Seed oils in everything he ate
❌ Blue light frying his hormones at 11pm

You're not weak. You're poisoned.

Mars Men was built to fight back.
💪 Tongkat Ali blocks the enzyme stealing your T
💪 Boron frees up testosterone that's locked away
💪 Shilajit grows more T-producing cells in your balls

No dirt powders. No cheap fillers. No fairy dust.

Just the 8 ingredients designed to support your T production from every angle.

50% off your first month. 90-day guarantee.

Stop blaming yourself. Start fighting back."
"C022","Quiz funnel","quiz-v6","https://mengotomars.com/pages/quiz-v6","94903689","5","91","12","not_captured","ad_only_or_capture_gap","capture_gap","Stop Losing T. Start Today.","Your testosterone is dropping right now. And it's not ""just getting older.""","Shop now","https://app.gethookd.ai/share/ad/94903689?signature=aa874a24df3992d506048ef72f2addc6fe6cb06efc3f4545148791df377c43ed","mars-men-static-canonical-recipes-share/assets/remote/fcd77c660ceb-media-9a7496d2f1ad.jpg","1080","1920","The Natural And Effective Way To Increase Testosterone, Energy, Strength & Male Vitality – Mars Men","mars-men-static-canonical-recipes-share/index.html#ad-94903689","Your testosterone is dropping right now. And it's not ""just getting older.""

Every single month you put off doing something about it, your body converts more of your remaining T into estrogen.

Your SHBG locks up what's left. And cortisol — from stress, bad sleep, and modern life — tanks production at the source.

That brain fog at 2pm?

The gut that won't budge no matter what you eat?

The fact that you'd rather scroll your phone than do anything with your evening?

That's not laziness. That's a hormone problem. And it compounds the longer you wait.

Mars Men was built to fight all three thieves simultaneously.

Tongkat Ali blocks the enzyme that converts your T to estrogen and drives cortisol down.

Boron lowers SHBG so your body can actually use the testosterone it makes.

And the full 8-ingredient stack works across three pathways — making more T, keeping what you've got, and protecting the cells that produce it.

91% of men reported higher energy within 90 days in a survey of over 1,000 customers. Not a vague ""maybe I feel something."" Real, noticeable energy.

Right now it's 50% off — plus free gifts and free shipping. Every bottle is backed by a 90-day Higher-T Guarantee.

If you don't feel the difference, you get every cent back.

But here's the thing — your T isn't going to fix itself while you ""think about it."""
"C022","Quiz funnel","quiz-v6","https://mengotomars.com/pages/quiz-v6","96362585","115","81","7","not_captured","ad_only_or_capture_gap","capture_gap","Stop Losing T. Start Today.","Your testosterone is dropping right now. And it's not ""just getting older.""","Shop now","https://app.gethookd.ai/share/ad/96362585?signature=ce0851bce237191f2bdfd88e6ae82c6c96a8b78192c4b4cc2fcca18e0fd704bf","mars-men-static-canonical-recipes-share/assets/remote/fcd77c660ceb-media-9a7496d2f1ad.jpg","1080","1920","The Natural And Effective Way To Increase Testosterone, Energy, Strength & Male Vitality – Mars Men","mars-men-static-canonical-recipes-share/index.html#ad-96362585","Your testosterone is dropping right now. And it's not ""just getting older.""

Every single month you put off doing something about it, your body converts more of your remaining T into estrogen.

Your SHBG locks up what's left. And cortisol — from stress, bad sleep, and modern life — tanks production at the source.

That brain fog at 2pm?

The gut that won't budge no matter what you eat?

The fact that you'd rather scroll your phone than do anything with your evening?

That's not laziness. That's a hormone problem. And it compounds the longer you wait.

Mars Men was built to fight all three thieves simultaneously.

Tongkat Ali blocks the enzyme that converts your T to estrogen and drives cortisol down.

Boron lowers SHBG so your body can actually use the testosterone it makes.

And the full 8-ingredient stack works across three pathways — making more T, keeping what you've got, and protecting the cells that produce it.

91% of men reported higher energy within 90 days in a survey of over 1,000 customers. Not a vague ""maybe I feel something."" Real, noticeable energy.

Right now it's 50% off — plus free gifts and free shipping. Every bottle is backed by a 90-day Higher-T Guarantee.

If you don't feel the difference, you get every cent back.

But here's the thing — your T isn't going to fix itself while you ""think about it."""
"C023","Quiz funnel","quiz-v6","https://mengotomars.com/pages/quiz-v6","94903605","9","91","12","not_captured","ad_only_or_capture_gap","capture_gap","50% off + Free Gifts 🚀","LIMITED TIME - 50% OFF + FREE GIFTS 🔥","Shop now","https://app.gethookd.ai/share/ad/94903605?signature=62bfc5358a16919f26c7c22088cf80d87aaf2e69830adbc6b3c4807be76a1b90","mars-men-static-canonical-recipes-share/assets/remote/48ec97bba25a-media-3eb856b68527.jpg","1080","1080","The Natural And Effective Way To Increase Testosterone, Energy, Strength & Male Vitality – Mars Men","mars-men-static-canonical-recipes-share/index.html#ad-94903605","LIMITED TIME - 50% OFF + FREE GIFTS 🔥

Scientifically formulated. Naturally sourced. Discover how Mars Men is helping men support healthy T-levels and reclaim their edge…

Shop now and get 50% OFF + FREE gifts for a limited time only!"
"C023","Quiz funnel","quiz-v6","https://mengotomars.com/pages/quiz-v6","94903499","51","91","11","not_captured","ad_only_or_capture_gap","capture_gap","50% off + Free Gifts 🚀","LIMITED TIME - 50% OFF + FREE GIFTS 🔥","Shop now","https://app.gethookd.ai/share/ad/94903499?signature=9d09bd680616467992bc0335799b7969df337ae303d50a09ffcb7613da52e8ce","mars-men-static-canonical-recipes-share/assets/remote/aefda2953d48-media-b9697f55db3a.jpg","1080","1080","The Natural And Effective Way To Increase Testosterone, Energy, Strength & Male Vitality – Mars Men","mars-men-static-canonical-recipes-share/index.html#ad-94903499","LIMITED TIME - 50% OFF + FREE GIFTS 🔥

Scientifically formulated. Naturally sourced. Discover how Mars Men is helping men support healthy T-levels and reclaim their edge…

Shop now and get 50% OFF + FREE gifts for a limited time only!"
"C024","Quiz funnel","quiz-v6","https://mengotomars.com/pages/quiz-v6","94903387","98","91","8","not_captured","ad_only_or_capture_gap","capture_gap","90-Day Guarantee Because We Know It Works.","Your grandfather had more testosterone at 60 than you do at 35.","Shop now","https://app.gethookd.ai/share/ad/94903387?signature=826145dd83741b3ffd122f080ca98b5638f63f24ec5099f33472ce7e4598de3c","mars-men-static-canonical-recipes-share/assets/remote/32276a29e084-media-9e2fafd19c70.jpg","1080","1920","The Natural And Effective Way To Increase Testosterone, Energy, Strength & Male Vitality – Mars Men","mars-men-static-canonical-recipes-share/index.html#ad-94903387","Your grandfather had more testosterone at 60 than you do at 35.

He didn't have:
❌ Plastics leaching estrogen into his water
❌ Seed oils in everything he ate
❌ Blue light frying his hormones at 11pm

You're not weak. You're poisoned.

Mars Men was built to fight back.
💪 Tongkat Ali blocks the enzyme stealing your T
💪 Boron frees up testosterone that's locked away
💪 Shilajit grows more T-producing cells in your balls

No dirt powders. No cheap fillers. No fairy dust.

Just the 8 ingredients designed to support your T production from every angle.

50% off your first month. 90-day guarantee.

Stop blaming yourself. Start fighting back."
"C025","Quiz funnel","quiz-v6","https://mengotomars.com/pages/quiz-v6","94903752","113","81","8","not_captured","ad_only_or_capture_gap","capture_gap","50% Off + Free Gifts 🚀","Embarrassed by ""moobs""? Those aren't just from extra calories. They're a visible sign of the hormone imbalance affecting millions of men.","Shop now","https://app.gethookd.ai/share/ad/94903752?signature=c72f69a7b23ac1b0730f1a71c7c9d4420d9ee165f67a3418151d53a9bb5e21e0","mars-men-static-canonical-recipes-share/assets/remote/fc3f2223de20-media-d9f39882a6da.jpg","1080","1350","The Natural And Effective Way To Increase Testosterone, Energy, Strength & Male Vitality – Mars Men","mars-men-static-canonical-recipes-share/index.html#ad-94903752","Embarrassed by ""moobs""? Those aren't just from extra calories. They're a visible sign of the hormone imbalance affecting millions of men.

Let's talk about something most men never mention...

Those embarrassing ""moobs"" that make them keep their shirt on at the beach.

Here's the truth: they're not just about extra pizza or skipping chest day.

They're a visible symptom of the hormone imbalance affecting millions of men.

See, when our hormone levels drop (which research shows starts happening around 30), our body's balance shifts. The result? Soft tissue where pecs should be.

And that same imbalance is why men feel drained by 3PM... why workouts feel flat... why their drive isn't what it used to be.

The Massachusetts Male Aging Study confirmed what many men feel… Hormone levels are declining faster than ever before, regardless of age.

You can try everything...

More bench presses. Cutting carbs. Fat burners. Even considering surgery.

But if you don't address the underlying hormone balance, you're just wasting time and money.

That's why we created Mars Men.

It's an all-in-one natural formula with 8 powerful ingredients designed to support your body's natural balance:

🌿 Tongkat Ali:  Helps regulate cortisol while supporting natural hormones
🪨 Shilajit:  Improves stamina and helps your body feel younger
🛡 Zinc:  Essential mineral for hormone production
⚙️ Boron:  Helps optimize free hormone levels
🌾 Fenugreek:  Supports healthy male vitality
⚡ Taurine:  Improves circulation and recovery
☀️ Vitamins D, K1 + K2:  Support mood and hormone balance

In a recent survey of Mars Men customers:
✅ 91% reported higher energy levels
✅ 87% noticed increased strength
✅ 82% experienced improved vitality

5 capsules per day. That's it.

No needles or prescriptions. Just a simple daily habit that helps support your body's natural hormone balance.

Try the 90-Day Kit today  |  50% OFF + 2 free gifts.

If it doesn't work for you? You don't pay. Period.

Reclaim your masculine physique. Naturally."
"C026","TRT upgrade","t-upgrade","https://mengotomars.com/pages/t-upgrade","94903427","17","91","12","failed","ad_only_or_capture_gap","capture_gap","See What's Actually Inside","Most testosterone supplements are hiding something behind their ""proprietary blend"" label.","Shop now","https://app.gethookd.ai/share/ad/94903427?signature=c83ed0fa171f705f6a959f5c4224ca6568cc10a5909782ffca6f4c2f981fdf27","mars-men-static-canonical-recipes-share/assets/remote/31217e466127-media-40ebe180ed0d.jpg","1080","1350","Your Natural Testosterone Upgrade – Mars Men","mars-men-static-canonical-recipes-share/index.html#ad-94903427","Most testosterone supplements are hiding something behind their ""proprietary blend"" label.

Here's what they don't want you to see.

You're swallowing 2-3 underdosed ingredients buried in fillers — and wondering why nothing changes. Your T keeps dropping. Your energy keeps tanking. And every month you wait, those three thieves — SHBG, aromatase, and cortisol — steal more of what you have left.

Mars Men shows you exactly what's inside. 8 ingredients. Full clinical doses. No proprietary blend. No mystery powder.

Tongkat Ali at 1,000mg blocks the enzyme converting your T to estrogen. Boron at 4mg lowers SHBG so your body can actually USE the testosterone it makes.

91% of men surveyed reported higher energy within 90 days. Not from stimulants. From actually addressing the hormone problem.

Right now it's 50% off with a 90-day money-back guarantee.

See how 8 ingredients work across 3 levels to unblock your testosterone — and why most formulas only target one."
"C026","TRT upgrade","t-upgrade","https://mengotomars.com/pages/t-upgrade","94284766","23","91","12","failed","ad_only_or_capture_gap","capture_gap","See What's Actually Inside","Most testosterone supplements are hiding something behind their ""proprietary blend"" label.","Shop now","https://app.gethookd.ai/share/ad/94284766?signature=cacfce725d803af8e4c3631a8d9e259892b925f6610b12590c8bcfb21a82e485","mars-men-static-canonical-recipes-share/assets/remote/f5258f63204a-media-0351010f0b3b.jpg","1080","1350","Your Natural Testosterone Upgrade – Mars Men","mars-men-static-canonical-recipes-share/index.html#ad-94284766","Most testosterone supplements are hiding something behind their ""proprietary blend"" label.

Here's what they don't want you to see.

You're swallowing 2-3 underdosed ingredients buried in fillers — and wondering why nothing changes. Your T keeps dropping. Your energy keeps tanking. And every month you wait, those three thieves — SHBG, aromatase, and cortisol — steal more of what you have left.

Mars Men shows you exactly what's inside. 8 ingredients. Full clinical doses. No proprietary blend. No mystery powder.

Tongkat Ali at 1,000mg blocks the enzyme converting your T to estrogen. Boron at 4mg lowers SHBG so your body can actually USE the testosterone it makes.

91% of men surveyed reported higher energy within 90 days. Not from stimulants. From actually addressing the hormone problem.

Right now it's 50% off with a 90-day money-back guarantee.

See how 8 ingredients work across 3 levels to unblock your testosterone — and why most formulas only target one."
"C026","TRT upgrade","t-upgrade","https://mengotomars.com/pages/t-upgrade","94284508","27","91","12","failed","ad_only_or_capture_gap","capture_gap","See What's Actually Inside","Most testosterone supplements are hiding something behind their ""proprietary blend"" label.","Shop now","https://app.gethookd.ai/share/ad/94284508?signature=8f5fe7fd3d62dee2d2d903581ef8a40f54f40e7ae09f2bc64ae90266587474ca","mars-men-static-canonical-recipes-share/assets/remote/c6671f1b12eb-media-ddffe36b60aa.jpg","1080","1350","Your Natural Testosterone Upgrade – Mars Men","mars-men-static-canonical-recipes-share/index.html#ad-94284508","Most testosterone supplements are hiding something behind their ""proprietary blend"" label.

Here's what they don't want you to see.

You're swallowing 2-3 underdosed ingredients buried in fillers — and wondering why nothing changes. Your T keeps dropping. Your energy keeps tanking. And every month you wait, those three thieves — SHBG, aromatase, and cortisol — steal more of what you have left.

Mars Men shows you exactly what's inside. 8 ingredients. Full clinical doses. No proprietary blend. No mystery powder.

Tongkat Ali at 1,000mg blocks the enzyme converting your T to estrogen. Boron at 4mg lowers SHBG so your body can actually USE the testosterone it makes.

91% of men surveyed reported higher energy within 90 days. Not from stimulants. From actually addressing the hormone problem.

Right now it's 50% off with a 90-day money-back guarantee.

See how 8 ingredients work across 3 levels to unblock your testosterone — and why most formulas only target one."
"C026","TRT upgrade","t-upgrade","https://mengotomars.com/pages/t-upgrade","94284307","44","91","12","failed","ad_only_or_capture_gap","capture_gap","See What's Actually Inside","Most testosterone supplements are hiding something behind their ""proprietary blend"" label.","Shop now","https://app.gethookd.ai/share/ad/94284307?signature=493a7762d388fed592fe48a093a97690cb9a57c6a2d72e1b773f0c5109f365a0","mars-men-static-canonical-recipes-share/assets/remote/f5258f63204a-media-0351010f0b3b.jpg","1080","1350","Your Natural Testosterone Upgrade – Mars Men","mars-men-static-canonical-recipes-share/index.html#ad-94284307","Most testosterone supplements are hiding something behind their ""proprietary blend"" label.

Here's what they don't want you to see.

You're swallowing 2-3 underdosed ingredients buried in fillers — and wondering why nothing changes. Your T keeps dropping. Your energy keeps tanking. And every month you wait, those three thieves — SHBG, aromatase, and cortisol — steal more of what you have left.

Mars Men shows you exactly what's inside. 8 ingredients. Full clinical doses. No proprietary blend. No mystery powder.

Tongkat Ali at 1,000mg blocks the enzyme converting your T to estrogen. Boron at 4mg lowers SHBG so your body can actually USE the testosterone it makes.

91% of men surveyed reported higher energy within 90 days. Not from stimulants. From actually addressing the hormone problem.

Right now it's 50% off with a 90-day money-back guarantee.

See how 8 ingredients work across 3 levels to unblock your testosterone — and why most formulas only target one."
"C026","TRT upgrade","t-upgrade","https://mengotomars.com/pages/t-upgrade","94903439","54","91","11","failed","ad_only_or_capture_gap","capture_gap","See What's Actually Inside","Most testosterone supplements are hiding something behind their ""proprietary blend"" label.","Shop now","https://app.gethookd.ai/share/ad/94903439?signature=25bbed89c56dcf713ec385e769b31b821c78c3a0cd4047c0e5ada4609a8b5737","mars-men-static-canonical-recipes-share/assets/remote/3922ad23fbc9-media-86df10f50014.jpg","1080","1350","Your Natural Testosterone Upgrade – Mars Men","mars-men-static-canonical-recipes-share/index.html#ad-94903439","Most testosterone supplements are hiding something behind their ""proprietary blend"" label.

Here's what they don't want you to see.

You're swallowing 2-3 underdosed ingredients buried in fillers — and wondering why nothing changes. Your T keeps dropping. Your energy keeps tanking. And every month you wait, those three thieves — SHBG, aromatase, and cortisol — steal more of what you have left.

Mars Men shows you exactly what's inside. 8 ingredients. Full clinical doses. No proprietary blend. No mystery powder.

Tongkat Ali at 1,000mg blocks the enzyme converting your T to estrogen. Boron at 4mg lowers SHBG so your body can actually USE the testosterone it makes.

91% of men surveyed reported higher energy within 90 days. Not from stimulants. From actually addressing the hormone problem.

Right now it's 50% off with a 90-day money-back guarantee.

See how 8 ingredients work across 3 levels to unblock your testosterone — and why most formulas only target one."
"C026","TRT upgrade","t-upgrade","https://mengotomars.com/pages/t-upgrade","94284375","69","91","11","failed","ad_only_or_capture_gap","capture_gap","See What's Actually Inside","Most testosterone supplements are hiding something behind their ""proprietary blend"" label.","Shop now","https://app.gethookd.ai/share/ad/94284375?signature=1b9f1fab975c6e043e8094a11729b4084b2e8b8eb181bbace9821ca566fdad56","mars-men-static-canonical-recipes-share/assets/remote/3922ad23fbc9-media-86df10f50014.jpg","1080","1350","Your Natural Testosterone Upgrade – Mars Men","mars-men-static-canonical-recipes-share/index.html#ad-94284375","Most testosterone supplements are hiding something behind their ""proprietary blend"" label.

Here's what they don't want you to see.

You're swallowing 2-3 underdosed ingredients buried in fillers — and wondering why nothing changes. Your T keeps dropping. Your energy keeps tanking. And every month you wait, those three thieves — SHBG, aromatase, and cortisol — steal more of what you have left.

Mars Men shows you exactly what's inside. 8 ingredients. Full clinical doses. No proprietary blend. No mystery powder.

Tongkat Ali at 1,000mg blocks the enzyme converting your T to estrogen. Boron at 4mg lowers SHBG so your body can actually USE the testosterone it makes.

91% of men surveyed reported higher energy within 90 days. Not from stimulants. From actually addressing the hormone problem.

Right now it's 50% off with a 90-day money-back guarantee.

See how 8 ingredients work across 3 levels to unblock your testosterone — and why most formulas only target one."
"C026","TRT upgrade","t-upgrade","https://mengotomars.com/pages/t-upgrade","94284337","74","91","11","failed","ad_only_or_capture_gap","capture_gap","See What's Actually Inside","Most testosterone supplements are hiding something behind their ""proprietary blend"" label.","Shop now","https://app.gethookd.ai/share/ad/94284337?signature=967a50dc3307585b0ff4c5ffa9bd87b89c2fcf741ae5f668869a32d769e75a58","mars-men-static-canonical-recipes-share/assets/remote/3922ad23fbc9-media-86df10f50014.jpg","1080","1350","Your Natural Testosterone Upgrade – Mars Men","mars-men-static-canonical-recipes-share/index.html#ad-94284337","Most testosterone supplements are hiding something behind their ""proprietary blend"" label.

Here's what they don't want you to see.

You're swallowing 2-3 underdosed ingredients buried in fillers — and wondering why nothing changes. Your T keeps dropping. Your energy keeps tanking. And every month you wait, those three thieves — SHBG, aromatase, and cortisol — steal more of what you have left.

Mars Men shows you exactly what's inside. 8 ingredients. Full clinical doses. No proprietary blend. No mystery powder.

Tongkat Ali at 1,000mg blocks the enzyme converting your T to estrogen. Boron at 4mg lowers SHBG so your body can actually USE the testosterone it makes.

91% of men surveyed reported higher energy within 90 days. Not from stimulants. From actually addressing the hormone problem.

Right now it's 50% off with a 90-day money-back guarantee.

See how 8 ingredients work across 3 levels to unblock your testosterone — and why most formulas only target one."
"C026","TRT upgrade","t-upgrade","https://mengotomars.com/pages/t-upgrade","95130018","116","81","7","failed","ad_only_or_capture_gap","capture_gap","See What's Actually Inside","Most testosterone supplements are hiding something behind their ""proprietary blend"" label.","Shop now","https://app.gethookd.ai/share/ad/95130018?signature=7ffff071ff81aa55c6f9c474ee8fde60bb16bc645f4807ba1816489b1c040eac","mars-men-static-canonical-recipes-share/assets/remote/785f97975cd5-media-d2a68d9862a0.jpg","1080","1350","Your Natural Testosterone Upgrade – Mars Men","mars-men-static-canonical-recipes-share/index.html#ad-95130018","Most testosterone supplements are hiding something behind their ""proprietary blend"" label.

Here's what they don't want you to see.

You're swallowing 2-3 underdosed ingredients buried in fillers — and wondering why nothing changes. Your T keeps dropping. Your energy keeps tanking. And every month you wait, those three thieves — SHBG, aromatase, and cortisol — steal more of what you have left.

Mars Men shows you exactly what's inside. 8 ingredients. Full clinical doses. No proprietary blend. No mystery powder.

Tongkat Ali at 1,000mg blocks the enzyme converting your T to estrogen. Boron at 4mg lowers SHBG so your body can actually USE the testosterone it makes.

91% of men surveyed reported higher energy within 90 days. Not from stimulants. From actually addressing the hormone problem.

Right now it's 50% off with a 90-day money-back guarantee.

See how 8 ingredients work across 3 levels to unblock your testosterone — and why most formulas only target one."
"C027","TRT upgrade","t-upgrade","https://mengotomars.com/pages/t-upgrade","94903380","18","91","12","failed","ad_only_or_capture_gap","capture_gap","Crush Cortisol. Reclaim Your T.","Your stress hormone is eating your testosterone alive.","Shop now","https://app.gethookd.ai/share/ad/94903380?signature=5cbe7652c0176ff9e96b0dd11acf1f8b0a7e6f5283603470e8de26aeb5010af8","mars-men-static-canonical-recipes-share/assets/remote/d51575a5518b-media-80c0140024d0.jpg","1080","1350","Your Natural Testosterone Upgrade – Mars Men","mars-men-static-canonical-recipes-share/index.html#ad-94903380","Your stress hormone is eating your testosterone alive.

Not next year. Not ""eventually."" Right now — while you're scrolling.

Every time your stress spikes — the bad sleep, the work pressure, the packed schedule — your body floods with cortisol. And cortisol doesn't just make you feel wired and tired.

It actively shuts down testosterone production at the source.

Think of it as a thief running a 24/7 heist on your T. The more stressed you are, the less testosterone your body makes. Less energy. Less drive. Less muscle. Less of everything that makes you feel like you.

And here's the brutal part: it compounds. Every month you don't address it, your levels drop further.

Mars Men was built to crush cortisol while supporting healthy testosterone levels — the only formula designed to do both.

Tongkat Ali at a full 1,000mg clinical dose drives cortisol down and blocks the enzyme that converts your T to estrogen. Boron lowers SHBG so your body can actually use the testosterone it makes.

Eight ingredients. Three levels of attack.

91% of men reported higher energy within 90 days in a survey of 1,000 customers.

50% off right now with free shipping, a free T guide, and a 90-day money-back guarantee.

See the full 4-level system that attacks all three testosterone thieves at once."
"C027","TRT upgrade","t-upgrade","https://mengotomars.com/pages/t-upgrade","94284408","34","91","12","failed","ad_only_or_capture_gap","capture_gap","Crush Cortisol. Reclaim Your T.","Your stress hormone is eating your testosterone alive.","Shop now","https://app.gethookd.ai/share/ad/94284408?signature=827868f4eff50240a9183a0ebd8c9f42fa13ffa323fed443429112e328575943","mars-men-static-canonical-recipes-share/assets/remote/2d018c80665b-media-3dd41891fbf7.jpg","1080","1350","Your Natural Testosterone Upgrade – Mars Men","mars-men-static-canonical-recipes-share/index.html#ad-94284408","Your stress hormone is eating your testosterone alive.

Not next year. Not ""eventually."" Right now — while you're scrolling.

Every time your stress spikes — the bad sleep, the work pressure, the packed schedule — your body floods with cortisol. And cortisol doesn't just make you feel wired and tired.

It actively shuts down testosterone production at the source.

Think of it as a thief running a 24/7 heist on your T. The more stressed you are, the less testosterone your body makes. Less energy. Less drive. Less muscle. Less of everything that makes you feel like you.

And here's the brutal part: it compounds. Every month you don't address it, your levels drop further.

Mars Men was built to crush cortisol while supporting healthy testosterone levels — the only formula designed to do both.

Tongkat Ali at a full 1,000mg clinical dose drives cortisol down and blocks the enzyme that converts your T to estrogen. Boron lowers SHBG so your body can actually use the testosterone it makes.

Eight ingredients. Three levels of attack.

91% of men reported higher energy within 90 days in a survey of 1,000 customers.

50% off right now with free shipping, a free T guide, and a 90-day money-back guarantee.

See the full 4-level system that attacks all three testosterone thieves at once."
"C027","TRT upgrade","t-upgrade","https://mengotomars.com/pages/t-upgrade","94284372","38","91","12","failed","ad_only_or_capture_gap","capture_gap","Crush Cortisol. Reclaim Your T.","Your stress hormone is eating your testosterone alive.","Shop now","https://app.gethookd.ai/share/ad/94284372?signature=f461647f1119b6330d17da89fe35d03a4bf87c6fce0e5ed7d029b5a1ee4ae339","mars-men-static-canonical-recipes-share/assets/remote/a0b35efbf400-media-eb8cfb9abe58.jpg","1080","1350","Your Natural Testosterone Upgrade – Mars Men","mars-men-static-canonical-recipes-share/index.html#ad-94284372","Your stress hormone is eating your testosterone alive.

Not next year. Not ""eventually."" Right now — while you're scrolling.

Every time your stress spikes — the bad sleep, the work pressure, the packed schedule — your body floods with cortisol. And cortisol doesn't just make you feel wired and tired.

It actively shuts down testosterone production at the source.

Think of it as a thief running a 24/7 heist on your T. The more stressed you are, the less testosterone your body makes. Less energy. Less drive. Less muscle. Less of everything that makes you feel like you.

And here's the brutal part: it compounds. Every month you don't address it, your levels drop further.

Mars Men was built to crush cortisol while supporting healthy testosterone levels — the only formula designed to do both.

Tongkat Ali at a full 1,000mg clinical dose drives cortisol down and blocks the enzyme that converts your T to estrogen. Boron lowers SHBG so your body can actually use the testosterone it makes.

Eight ingredients. Three levels of attack.

91% of men reported higher energy within 90 days in a survey of 1,000 customers.

50% off right now with free shipping, a free T guide, and a 90-day money-back guarantee.

See the full 4-level system that attacks all three testosterone thieves at once."
"C027","TRT upgrade","t-upgrade","https://mengotomars.com/pages/t-upgrade","94284347","41","91","12","failed","ad_only_or_capture_gap","capture_gap","Crush Cortisol. Reclaim Your T.","Your stress hormone is eating your testosterone alive.","Shop now","https://app.gethookd.ai/share/ad/94284347?signature=7c76072ef8b32b3c7ffdfefb4582cccbf2ff15308c0e4a85c6c16df605aeeb54","mars-men-static-canonical-recipes-share/assets/remote/fba035a4c663-media-24f727140216.jpg","1080","1350","Your Natural Testosterone Upgrade – Mars Men","mars-men-static-canonical-recipes-share/index.html#ad-94284347","Your stress hormone is eating your testosterone alive.

Not next year. Not ""eventually."" Right now — while you're scrolling.

Every time your stress spikes — the bad sleep, the work pressure, the packed schedule — your body floods with cortisol. And cortisol doesn't just make you feel wired and tired.

It actively shuts down testosterone production at the source.

Think of it as a thief running a 24/7 heist on your T. The more stressed you are, the less testosterone your body makes. Less energy. Less drive. Less muscle. Less of everything that makes you feel like you.

And here's the brutal part: it compounds. Every month you don't address it, your levels drop further.

Mars Men was built to crush cortisol while supporting healthy testosterone levels — the only formula designed to do both.

Tongkat Ali at a full 1,000mg clinical dose drives cortisol down and blocks the enzyme that converts your T to estrogen. Boron lowers SHBG so your body can actually use the testosterone it makes.

Eight ingredients. Three levels of attack.

91% of men reported higher energy within 90 days in a survey of 1,000 customers.

50% off right now with free shipping, a free T guide, and a 90-day money-back guarantee.

See the full 4-level system that attacks all three testosterone thieves at once."
"C027","TRT upgrade","t-upgrade","https://mengotomars.com/pages/t-upgrade","94284485","64","91","11","failed","ad_only_or_capture_gap","capture_gap","Crush Cortisol. Reclaim Your T.","Your stress hormone is eating your testosterone alive.","Shop now","https://app.gethookd.ai/share/ad/94284485?signature=f06e4784a9ca22e1699bc3faccad49b4d7d983969ea39d8ec2604666f055cd52","mars-men-static-canonical-recipes-share/assets/remote/0c260ca9af11-media-5213bdb140d4.jpg","1080","1350","Your Natural Testosterone Upgrade – Mars Men","mars-men-static-canonical-recipes-share/index.html#ad-94284485","Your stress hormone is eating your testosterone alive.

Not next year. Not ""eventually."" Right now — while you're scrolling.

Every time your stress spikes — the bad sleep, the work pressure, the packed schedule — your body floods with cortisol. And cortisol doesn't just make you feel wired and tired.

It actively shuts down testosterone production at the source.

Think of it as a thief running a 24/7 heist on your T. The more stressed you are, the less testosterone your body makes. Less energy. Less drive. Less muscle. Less of everything that makes you feel like you.

And here's the brutal part: it compounds. Every month you don't address it, your levels drop further.

Mars Men was built to crush cortisol while supporting healthy testosterone levels — the only formula designed to do both.

Tongkat Ali at a full 1,000mg clinical dose drives cortisol down and blocks the enzyme that converts your T to estrogen. Boron lowers SHBG so your body can actually use the testosterone it makes.

Eight ingredients. Three levels of attack.

91% of men reported higher energy within 90 days in a survey of 1,000 customers.

50% off right now with free shipping, a free T guide, and a 90-day money-back guarantee.

See the full 4-level system that attacks all three testosterone thieves at once."
"C027","TRT upgrade","t-upgrade","https://mengotomars.com/pages/t-upgrade","94284409","66","91","11","failed","ad_only_or_capture_gap","capture_gap","Crush Cortisol. Reclaim Your T.","Your stress hormone is eating your testosterone alive.","Shop now","https://app.gethookd.ai/share/ad/94284409?signature=70e55af55514fae20bdd84d88f696547e8463b038b6fca2376c611fac33ffb84","mars-men-static-canonical-recipes-share/assets/remote/0c260ca9af11-media-5213bdb140d4.jpg","1080","1350","Your Natural Testosterone Upgrade – Mars Men","mars-men-static-canonical-recipes-share/index.html#ad-94284409","Your stress hormone is eating your testosterone alive.

Not next year. Not ""eventually."" Right now — while you're scrolling.

Every time your stress spikes — the bad sleep, the work pressure, the packed schedule — your body floods with cortisol. And cortisol doesn't just make you feel wired and tired.

It actively shuts down testosterone production at the source.

Think of it as a thief running a 24/7 heist on your T. The more stressed you are, the less testosterone your body makes. Less energy. Less drive. Less muscle. Less of everything that makes you feel like you.

And here's the brutal part: it compounds. Every month you don't address it, your levels drop further.

Mars Men was built to crush cortisol while supporting healthy testosterone levels — the only formula designed to do both.

Tongkat Ali at a full 1,000mg clinical dose drives cortisol down and blocks the enzyme that converts your T to estrogen. Boron lowers SHBG so your body can actually use the testosterone it makes.

Eight ingredients. Three levels of attack.

91% of men reported higher energy within 90 days in a survey of 1,000 customers.

50% off right now with free shipping, a free T guide, and a 90-day money-back guarantee.

See the full 4-level system that attacks all three testosterone thieves at once."
"C027","TRT upgrade","t-upgrade","https://mengotomars.com/pages/t-upgrade","94284293","76","91","11","failed","ad_only_or_capture_gap","capture_gap","Crush Cortisol. Reclaim Your T.","Your stress hormone is eating your testosterone alive.","Shop now","https://app.gethookd.ai/share/ad/94284293?signature=59eecb489b2cfef8541a9c752d4ea92fd279a37a848c4569b06279b0c59dcfd8","mars-men-static-canonical-recipes-share/assets/remote/0c260ca9af11-media-5213bdb140d4.jpg","1080","1350","Your Natural Testosterone Upgrade – Mars Men","mars-men-static-canonical-recipes-share/index.html#ad-94284293","Your stress hormone is eating your testosterone alive.

Not next year. Not ""eventually."" Right now — while you're scrolling.

Every time your stress spikes — the bad sleep, the work pressure, the packed schedule — your body floods with cortisol. And cortisol doesn't just make you feel wired and tired.

It actively shuts down testosterone production at the source.

Think of it as a thief running a 24/7 heist on your T. The more stressed you are, the less testosterone your body makes. Less energy. Less drive. Less muscle. Less of everything that makes you feel like you.

And here's the brutal part: it compounds. Every month you don't address it, your levels drop further.

Mars Men was built to crush cortisol while supporting healthy testosterone levels — the only formula designed to do both.

Tongkat Ali at a full 1,000mg clinical dose drives cortisol down and blocks the enzyme that converts your T to estrogen. Boron lowers SHBG so your body can actually use the testosterone it makes.

Eight ingredients. Three levels of attack.

91% of men reported higher energy within 90 days in a survey of 1,000 customers.

50% off right now with free shipping, a free T guide, and a 90-day money-back guarantee.

See the full 4-level system that attacks all three testosterone thieves at once."
"C027","TRT upgrade","t-upgrade","https://mengotomars.com/pages/t-upgrade","95129952","107","91","7","failed","ad_only_or_capture_gap","capture_gap","Crush Cortisol. Reclaim Your T.","Your stress hormone is eating your testosterone alive.","Shop now","https://app.gethookd.ai/share/ad/95129952?signature=d522c2d35aa36c9954bc79f8a7ef834e86911fe0360bf33189a119d46c40efd2","mars-men-static-canonical-recipes-share/assets/remote/a724855819a3-media-e1a44c938000.jpg","1080","1350","Your Natural Testosterone Upgrade – Mars Men","mars-men-static-canonical-recipes-share/index.html#ad-95129952","Your stress hormone is eating your testosterone alive.

Not next year. Not ""eventually."" Right now — while you're scrolling.

Every time your stress spikes — the bad sleep, the work pressure, the packed schedule — your body floods with cortisol. And cortisol doesn't just make you feel wired and tired.

It actively shuts down testosterone production at the source.

Think of it as a thief running a 24/7 heist on your T. The more stressed you are, the less testosterone your body makes. Less energy. Less drive. Less muscle. Less of everything that makes you feel like you.

And here's the brutal part: it compounds. Every month you don't address it, your levels drop further.

Mars Men was built to crush cortisol while supporting healthy testosterone levels — the only formula designed to do both.

Tongkat Ali at a full 1,000mg clinical dose drives cortisol down and blocks the enzyme that converts your T to estrogen. Boron lowers SHBG so your body can actually use the testosterone it makes.

Eight ingredients. Three levels of attack.

91% of men reported higher energy within 90 days in a survey of 1,000 customers.

50% off right now with free shipping, a free T guide, and a 90-day money-back guarantee.

See the full 4-level system that attacks all three testosterone thieves at once."
"C028","TRT upgrade","t-upgrade","https://mengotomars.com/pages/t-upgrade","94903543","93","91","8","failed","ad_only_or_capture_gap","capture_gap","Don't Ignore Your Testosterone.","Taking care of one thing? Good. Don't ignore the other. 💡","Shop now","https://app.gethookd.ai/share/ad/94903543?signature=03c311f00e5f1a49f51f62a2003d11361b33275cb9f2544f9332e16314acf7c6","mars-men-static-canonical-recipes-share/assets/remote/acf42cbeca04-media-f25b1ed0e12f.jpg","1080","1350","Your Natural Testosterone Upgrade – Mars Men","mars-men-static-canonical-recipes-share/index.html#ad-94903543","Taking care of one thing? Good. Don't ignore the other. 💡

Your testosterone needs support too. After 30, T drops every year — and your energy, drive, and strength go with it.

Mars Men: 8 natural ingredients at clinical doses supporting testosterone production.

⚡ More energy
💪 More strength
🧠 More clarity

See the signs your T might be crashing — and what to do about it.

✅ 90-day guarantee
✅ 50% off + free shipping + free gifts"
"C028","TRT upgrade","t-upgrade","https://mengotomars.com/pages/t-upgrade","94903448","94","91","8","failed","ad_only_or_capture_gap","capture_gap","Don't Ignore Your Testosterone.","Taking care of one thing? Good. Don't ignore the other. 💡","Shop now","https://app.gethookd.ai/share/ad/94903448?signature=db12c10bd6943f8bb5113e1d1a3f62932c46238854c4cfd0e453a78143eadabb","mars-men-static-canonical-recipes-share/assets/remote/5ee31fc12272-media-b885f74b44c4.jpg","1080","1350","Your Natural Testosterone Upgrade – Mars Men","mars-men-static-canonical-recipes-share/index.html#ad-94903448","Taking care of one thing? Good. Don't ignore the other. 💡

Your testosterone needs support too. After 30, T drops every year — and your energy, drive, and strength go with it.

Mars Men: 8 natural ingredients at clinical doses supporting testosterone production.

⚡ More energy
💪 More strength
🧠 More clarity

See the signs your T might be crashing — and what to do about it.

✅ 90-day guarantee
✅ 50% off + free shipping + free gifts"
"C029","TRT alternative","10-reasons","https://mengotomars.com/pages/10-reasons","94284974","19","91","12","ok","full_recipe_ready","watch","Try It or Stay Stuck.","Two options. Pick one.","Shop now","https://app.gethookd.ai/share/ad/94284974?signature=a2a9c875b79e0d1bd9d4c6773e385a81eeeb24b899b319734eeba4caf699408f","mars-men-static-canonical-recipes-share/assets/remote/2305e0a897e7-media-e7a22252a7c8.jpg","1080","1920","10 Reasons Men Are Ditching TRT For Mars Men This Year (Natural > Needles. Every Time.)","mars-men-static-canonical-recipes-share/index.html#ad-94284974","Two options. Pick one.
❌ Keep feeling tired, unmotivated, and running on caffeine
✅ Try Mars Men risk-free for 90 days and see what changes

8 natural ingredients. Clinical doses. No artificial anything. Tongkat Ali, Shilajit, Boron, Zinc + more.

If it doesn't work — full refund. If it does — night and day difference.

See why men are calling this their T-upgrade.

50% off for life + free shipping + free gifts."
"C029","TRT alternative","10-reasons","https://mengotomars.com/pages/10-reasons","94903597","48","91","11","ok","full_recipe_ready","watch","Try It or Stay Stuck.","Two options. Pick one.","Shop now","https://app.gethookd.ai/share/ad/94903597?signature=7c653717c57c6a2c1ed2a7d1131406d9f2d22cd03a501cd35d0052a7493901e6","mars-men-static-canonical-recipes-share/assets/remote/d848dcf721e6-media-1b92d69a9049.jpg","1080","1920","10 Reasons Men Are Ditching TRT For Mars Men This Year (Natural > Needles. Every Time.)","mars-men-static-canonical-recipes-share/index.html#ad-94903597","Two options. Pick one.
❌ Keep feeling tired, unmotivated, and running on caffeine
✅ Try Mars Men risk-free for 90 days and see what changes

8 natural ingredients. Clinical doses. No artificial anything. Tongkat Ali, Shilajit, Boron, Zinc + more.

If it doesn't work — full refund. If it does — night and day difference.

See why men are calling this their T-upgrade.

50% off for life + free shipping + free gifts."
"C029","TRT alternative","10-reasons","https://mengotomars.com/pages/10-reasons","94903517","50","91","11","ok","full_recipe_ready","watch","Try It or Stay Stuck.","Two options. Pick one.","Shop now","https://app.gethookd.ai/share/ad/94903517?signature=5f7fcbe794b118108019bca46ed6ab6d0b6ceb77dac8d54228facdaa3252d783","mars-men-static-canonical-recipes-share/assets/remote/ba186607b167-media-317edd57a4b9.jpg","1080","1920","10 Reasons Men Are Ditching TRT For Mars Men This Year (Natural > Needles. Every Time.)","mars-men-static-canonical-recipes-share/index.html#ad-94903517","Two options. Pick one.
❌ Keep feeling tired, unmotivated, and running on caffeine
✅ Try Mars Men risk-free for 90 days and see what changes

8 natural ingredients. Clinical doses. No artificial anything. Tongkat Ali, Shilajit, Boron, Zinc + more.

If it doesn't work — full refund. If it does — night and day difference.

See why men are calling this their T-upgrade.

50% off for life + free shipping + free gifts."
"C029","TRT alternative","10-reasons","https://mengotomars.com/pages/10-reasons","94284523","61","91","11","ok","full_recipe_ready","watch","Try It or Stay Stuck.","Two options. Pick one.","Shop now","https://app.gethookd.ai/share/ad/94284523?signature=67ffe8b7213587cb46db4a953e3fb2e58ba5f8107070cada35f82647dc72d45c","mars-men-static-canonical-recipes-share/assets/remote/ba186607b167-media-317edd57a4b9.jpg","1080","1920","10 Reasons Men Are Ditching TRT For Mars Men This Year (Natural > Needles. Every Time.)","mars-men-static-canonical-recipes-share/index.html#ad-94284523","Two options. Pick one.
❌ Keep feeling tired, unmotivated, and running on caffeine
✅ Try Mars Men risk-free for 90 days and see what changes

8 natural ingredients. Clinical doses. No artificial anything. Tongkat Ali, Shilajit, Boron, Zinc + more.

If it doesn't work — full refund. If it does — night and day difference.

See why men are calling this their T-upgrade.

50% off for life + free shipping + free gifts."
"C029","TRT alternative","10-reasons","https://mengotomars.com/pages/10-reasons","94284448","65","91","11","ok","full_recipe_ready","watch","Try It or Stay Stuck.","Two options. Pick one.","Shop now","https://app.gethookd.ai/share/ad/94284448?signature=32c2308a91048d07eeb9a96b6ac54552418a13748b95dd78db3f7d3252b0f0f6","mars-men-static-canonical-recipes-share/assets/remote/ba186607b167-media-317edd57a4b9.jpg","1080","1920","10 Reasons Men Are Ditching TRT For Mars Men This Year (Natural > Needles. Every Time.)","mars-men-static-canonical-recipes-share/index.html#ad-94284448","Two options. Pick one.
❌ Keep feeling tired, unmotivated, and running on caffeine
✅ Try Mars Men risk-free for 90 days and see what changes

8 natural ingredients. Clinical doses. No artificial anything. Tongkat Ali, Shilajit, Boron, Zinc + more.

If it doesn't work — full refund. If it does — night and day difference.

See why men are calling this their T-upgrade.

50% off for life + free shipping + free gifts."
"C030","TRT alternative","10-reasons","https://mengotomars.com/pages/10-reasons","94903536","10","91","12","ok","full_recipe_ready","watch","New Year Sale: Save 50% Off + Free Gifts","Give yourself a head start toward better energy, focus, and burning stubborn belly fat.","Shop now","https://app.gethookd.ai/share/ad/94903536?signature=1e403822d53ded8130a2302f0b3d060a23901d0a69c4695a8bde59c0c52c1a4f","mars-men-static-canonical-recipes-share/assets/remote/1f2d8e55f398-media-0aba0457721a.jpg","1080","1920","10 Reasons Men Are Ditching TRT For Mars Men This Year (Natural > Needles. Every Time.)","mars-men-static-canonical-recipes-share/index.html#ad-94903536","Give yourself a head start toward better energy, focus, and burning stubborn belly fat.

January 1st.

Everyone's making promises.

""I'm gonna lose 20 pounds.""

""I'm gonna get stronger.""

""I'm gonna feel like myself again.""

By March, most of them quit.

But not you.

Because while they're relying on motivation and willpower...

You're running a SYSTEM.

Mars Men isn't a resolution.

It's the biological foundation that makes resolutions actually WORK.

8 science-backed ingredients working together to support your testosterone production.

So when you commit to change, your BODY commits with you.

Your energy doesn't fade by Week 3.

Your strength doesn't plateau by Week 6.

Your progress doesn't stall by Week 12.

Instead...

By April, people are asking what you're doing differently.

By July, your wife can't keep her hands off you.

By December, you're the guy everyone else wishes they'd become.

Don't make another empty promise this New Year.

Build the biological foundation for REAL transformation.

And lock it in at 50% OFF during our New Year Sale.

This is our biggest discount of the year...

Plus FREE gifts when you stock up.

Set yourself up for success NOW while you can save.

👉 Start 2026 right - Get 50% off Mars Men + FREE gifts (New Year Sale)"
"C030","TRT alternative","10-reasons","https://mengotomars.com/pages/10-reasons","94284742","24","91","12","ok","full_recipe_ready","watch","New Year Sale: Save 50% Off + Free Gifts","Give yourself a head start toward better energy, focus, and burning stubborn belly fat.","Shop now","https://app.gethookd.ai/share/ad/94284742?signature=6d42e395558a45c08d728bdd12fe230ceb0629153afb6a7f0b88bd4a04cf9398","mars-men-static-canonical-recipes-share/assets/remote/3b61b1a8529f-media-518fc4fdab1e.jpg","1080","1920","10 Reasons Men Are Ditching TRT For Mars Men This Year (Natural > Needles. Every Time.)","mars-men-static-canonical-recipes-share/index.html#ad-94284742","Give yourself a head start toward better energy, focus, and burning stubborn belly fat.

January 1st.

Everyone's making promises.

""I'm gonna lose 20 pounds.""

""I'm gonna get stronger.""

""I'm gonna feel like myself again.""

By March, most of them quit.

But not you.

Because while they're relying on motivation and willpower...

You're running a SYSTEM.

Mars Men isn't a resolution.

It's the biological foundation that makes resolutions actually WORK.

8 science-backed ingredients working together to support your testosterone production.

So when you commit to change, your BODY commits with you.

Your energy doesn't fade by Week 3.

Your strength doesn't plateau by Week 6.

Your progress doesn't stall by Week 12.

Instead...

By April, people are asking what you're doing differently.

By July, your wife can't keep her hands off you.

By December, you're the guy everyone else wishes they'd become.

Don't make another empty promise this New Year.

Build the biological foundation for REAL transformation.

And lock it in at 50% OFF during our New Year Sale.

This is our biggest discount of the year...

Plus FREE gifts when you stock up.

Set yourself up for success NOW while you can save.

👉 Start 2026 right - Get 50% off Mars Men + FREE gifts (New Year Sale)"